{"options":{"check_for_updates":true,"comment":null,"compatopts_for_requires":true,"compat_wrappedjsobject":false,"compat_metadata":false,"compat_foreach":false,"compat_arrayleft":false,"compat_uW_gmonkey":false,"compat_forvarin":false,"noframes":null,"awareOfChrome":false,"run_at":null,"override":{"use_includes":[],"orig_includes":["*gmail.com/*","*mail.google.com/*","*contacts.google.com/widget/hovercard/*"],"merge_includes":true,"use_matches":[],"orig_matches":["*://mail.google.com/*","*://contacts.google.com/widget/hovercard/*","*://gmail.com/*"],"merge_matches":true,"use_excludes":[],"orig_excludes":[],"merge_excludes":true,"use_connects":[],"merge_connects":true,"use_blockers":[],"orig_run_at":"document-idle","orig_noframes":null}},"settings":{"enabled":true,"position":30},"meta":{"name":"Fix Gmail Email Search","uuid":"d4c601f2-c499-4818-b9e4-13c26f427c3a","modified":1606657315842,"file_url":"https://greasyfork.org/scripts/380657-fix-gmail-email-search/code/Fix%20Gmail%20Email%20Search.user.js"}}