{"options":{"check_for_updates":true,"comment":null,"compatopts_for_requires":true,"compat_wrappedjsobject":false,"compat_metadata":false,"compat_foreach":false,"compat_arrayleft":false,"compat_uW_gmonkey":false,"compat_forvarin":false,"noframes":null,"awareOfChrome":false,"run_at":null,"override":{"use_includes":[],"orig_includes":[],"merge_includes":true,"use_matches":[],"orig_matches":["*://9anime.to/watch/*","*://9anime.is/watch/*","*://9anime.tv/watch/*"],"merge_matches":true,"use_excludes":[],"orig_excludes":[],"merge_excludes":true,"use_connects":[],"merge_connects":true,"use_blockers":[],"orig_run_at":"document-idle","orig_noframes":null,"orig_connects":[]}},"settings":{"enabled":true,"position":83},"meta":{"name":"Grabber","uuid":"95c6b548-49f4-4b56-a18f-0076c84604a6","modified":1607550197449,"file_url":"https://greasyfork.org/scripts/31010-grabber/code/Grabber.user.js"}}