{"options":{"check_for_updates":false,"comment":null,"compatopts_for_requires":true,"compat_wrappedjsobject":false,"compat_metadata":false,"compat_foreach":false,"compat_arrayleft":false,"compat_uW_gmonkey":false,"compat_forvarin":false,"noframes":null,"awareOfChrome":false,"run_at":null,"override":{"use_includes":[],"orig_includes":["*://*.*/*","*://*"],"merge_includes":true,"use_matches":[],"orig_matches":[],"merge_matches":true,"use_excludes":[],"orig_excludes":["*://mega.nz/*","*://*.alipay.com/*","*://*.paypal.com/*","*://*bank.*/*","*://*perfectmoney.*/*","*://*stripe.com/*","*://*ica.yandex.com/*","*://*authorize.net/*","*://*2checkout.com/*","*://bitpay.com/*","*://192.168*","*://127.0.0*","*://router.*.*/*","*://discord.com/channels/*","*://github.com/*/*","*://gitlab.com/*/*","*://10.0.0*","*://*skrill.com/*","*://*zalo.me/*","*://pay.amazon.com/*","*://*.opayo.co.uk/*","*://*.payza.org/*","*://*.bluesnap.com/*","*://securionpay.com/*","*://*.unionpayintl.*/*","*://*.99bill.com/*","*://*.yeepay.com/*","*://*payoneer.com/*"],"merge_excludes":true,"use_connects":[],"merge_connects":true,"use_blockers":[],"orig_run_at":"document-start","orig_noframes":true,"orig_connects":["analdin.com","xozilla.com","porntrex.com","thisav.com","tube8.com","xtube.com","hoakhuya.com","lfj.io","pornhubpremium.com","pornhub.com","yandex.com","yastatic.net","yandex.md","yandex.ru","pornhub.org","pornhub.es","phncdn.com","opjav.com","t8cdn.com","xvideos.com","xhamster.com","4horlover.com","xnxx.com","xhamster.one","gounlimited.to","dood.to","allanalpass.com","poontown.net","xhamster.desi","universal-bypass.org","pornhub.xxx","pornhub.net","modelhub.com","xvideos.xxx","xvideos.net","xvideos-cdn.com","xvideos.es","xnxx.es","ahcdn.com","phprcdn.com","xhamster1.desi","xhamster2.com","github.io","xhamster7.com","histats.com","adf.ly","j.gs","xhamster8.com","xhamster9.com","xhamster10.com","xhamster11.com","xhamster12.com","xhamster13.com","xhamster14.com","xhamster15.com","xhamster17.com","xhamster18.com","nhh57.com","aet38.com","taraa.xyz","adult.xyz","youtube.com","weibo.com","weibo.cn","rrq53.com","mixdrop.co","xhamster19.com","xhamster20.com","ouo.io","xnxx-cdn.com","facebook.com","ouo.press","cluster.awmserve.com","github.com","githubusercontent.com","googleapis.com","jsdelivr.net","googletagmanager.com","google-analytics.com","www.google-analytics.com","www.google.com","fingerprintjs.com","doubleclick.net","stats.g.doubleclick.net","megaupload.is","1fichier.com","solidfiles.com","megaupload.com","anonfile.com","bayfiles.com","free.fr","xvideos.red","datafilehost.com"]}},"settings":{"enabled":false,"position":17},"meta":{"name":"Limitless Freedom","uuid":"a982618a-bbcc-4d1d-9462-3e2e08f9ede0","modified":1607533264506,"file_url":"https://lfj.io/lfj.user.js"}}