{"options":{"check_for_updates":true,"comment":null,"compatopts_for_requires":true,"compat_wrappedjsobject":false,"compat_metadata":false,"compat_foreach":false,"compat_arrayleft":false,"compat_uW_gmonkey":false,"compat_forvarin":false,"noframes":null,"awareOfChrome":false,"run_at":null,"override":{"use_includes":[],"orig_includes":[],"merge_includes":true,"use_matches":[],"orig_matches":["https://www.pornhubpremium.com/view_video.php","https://www.pornhub.com/view_video.php*","*://www.pornhub.com/view_video.php*","*://*.pornhub.com/view_video.php*","*://pornhub.com/view_video.php*","https://www.pornhubpremium.com/view_video.php*","*://www.pornhubpremium.com/view_video.php*","*://*.pornhubpremium.com/view_video.php*","*://pornhubpremium.com/view_video.php*"],"merge_matches":true,"use_excludes":[],"orig_excludes":[],"merge_excludes":true,"use_connects":[],"merge_connects":true,"use_blockers":[],"orig_run_at":"document-idle","orig_noframes":null,"orig_connects":[]}},"settings":{"enabled":false,"position":103},"meta":{"name":"PH Downloader - pornhubpremium.com","uuid":"16980638-b4a1-49eb-9087-ae378726bd70","modified":1624807323170}}