{"options":{"check_for_updates":true,"comment":null,"compatopts_for_requires":true,"compat_wrappedjsobject":false,"compat_metadata":false,"compat_foreach":false,"compat_arrayleft":false,"compat_uW_gmonkey":false,"compat_forvarin":false,"noframes":null,"awareOfChrome":false,"run_at":null,"override":{"use_includes":[],"orig_includes":["https://*.pornhub.com/view_video.php*","https://pornhub.com/view_video.php*"],"merge_includes":true,"use_matches":[],"orig_matches":[],"merge_matches":true,"use_excludes":[],"orig_excludes":[],"merge_excludes":true,"use_connects":[],"merge_connects":true,"use_blockers":[],"orig_run_at":"document-idle","orig_noframes":null,"orig_connects":[]}},"settings":{"enabled":false,"position":101},"meta":{"name":"PornHub Download Link Extractor","uuid":"05210b87-16e5-4150-b9f5-a02f35313804","modified":1624807021732,"file_url":"https://sleazyfork.org/scripts/373882-pornhub-download-link-extractor/code/PornHub%20Download%20Link%20Extractor.user.js"}}