{"options":{"check_for_updates":true,"comment":null,"compatopts_for_requires":true,"compat_wrappedjsobject":false,"compat_metadata":false,"compat_foreach":false,"compat_arrayleft":false,"compat_uW_gmonkey":false,"compat_forvarin":false,"noframes":null,"awareOfChrome":false,"run_at":null,"override":{"use_includes":[],"orig_includes":["https://*.pornhub.com/view_video.php*","https://pornhub.com/view_video.php*"],"merge_includes":true,"use_matches":[],"orig_matches":[],"merge_matches":true,"use_excludes":[],"orig_excludes":[],"merge_excludes":true,"use_connects":["www.pornhub.com"],"merge_connects":true,"use_blockers":[],"orig_run_at":"document-idle","orig_noframes":null,"orig_connects":[]}},"settings":{"enabled":false,"position":97},"meta":{"name":"PornHub Download Linker","uuid":"4c316810-f821-439f-b06e-bc2c8486db98","modified":1624806638753,"file_url":"https://sleazyfork.org/scripts/37262-pornhub-download-linker/code/PornHub%20Download%20Linker.user.js"}}