{"options":{"check_for_updates":true,"comment":null,"compatopts_for_requires":true,"compat_wrappedjsobject":false,"compat_metadata":false,"compat_foreach":false,"compat_arrayleft":false,"compat_uW_gmonkey":false,"compat_forvarin":false,"noframes":null,"awareOfChrome":false,"run_at":null,"override":{"use_includes":[],"orig_includes":["/^https://(vod|cyfrowa)\\.tvp\\.pl/video/.*$/","/^https?://.*\\.tvp.(pl|info)/sess/TVPlayer2/embed.*$/","/^https?://((?!wiadomosci).)*\\.tvp\\.pl/\\d{6,}/.*$/","https://www.tvpparlament.pl/sess/*","https://www.ipla.tv/*","https://player.pl/*","https://*.cda.pl/*","https://vod.pl/*","https://redir.atmcdn.pl/*","https://*.redcdn.pl/file/o2/redefine/partner/*","https://partner.ipla.tv/embed/*","https://wideo.wp.pl/*","https://ninateka.pl/*","https://www.arte.tv/*/videos/*","https://pulsembed.eu/*","https://tv-trwam.pl/local-vods/*"],"merge_includes":true,"use_matches":[],"orig_matches":[],"merge_matches":true,"use_excludes":[],"orig_excludes":["http://www.tvp.pl/sess/*","/^https?://(bialystok|gorzow|krakow|olsztyn|rzeszow|wroclaw|bydgoszcz|katowice|lublin|opole|szczecin|gdansk|kielce|lodz|poznan|warszawa)\\.tvp.\\pl/.*$/","/^https?://.*\\.vod\\.tvp\\.pl/\\d{6,}/.*$/","https://www.cda.pl/iframe/*"],"merge_excludes":true,"use_connects":[],"merge_connects":true,"use_blockers":[],"orig_run_at":"document-end","orig_noframes":null,"orig_connects":["tvp.pl","getmedia.redefine.pl","distro.redefine.pl","player-api.dreamlab.pl","api.arte.tv","b2c.redefine.pl","player.pl","api-trwam.app.insysgo.pl"]}},"settings":{"enabled":true,"position":1},"meta":{"name":"Skrypt umożliwiający pobieranie materiałów ze znanych serwisów VOD.","uuid":"38f03da0-ec99-4c18-bb14-6db622aec819","modified":1605119469026,"file_url":"https://raw.githubusercontent.com/zacny/voddownloader/master/dist/voddownloader.user.js"}}