{"options":{"check_for_updates":true,"comment":null,"compatopts_for_requires":true,"compat_wrappedjsobject":false,"compat_metadata":false,"compat_foreach":false,"compat_arrayleft":false,"compat_uW_gmonkey":false,"compat_forvarin":false,"noframes":null,"awareOfChrome":false,"run_at":null,"override":{"use_includes":[],"orig_includes":["https://xhamster.com/videos/*","https://*.xhamster.com/videos/*"],"merge_includes":true,"use_matches":[],"orig_matches":[],"merge_matches":true,"use_excludes":[],"orig_excludes":[],"merge_excludes":true,"use_connects":[],"merge_connects":true,"use_blockers":[],"orig_run_at":"document-idle","orig_noframes":null}},"settings":{"enabled":true,"position":18},"meta":{"name":"xhamster download video","uuid":"c5071e6d-0af7-407e-8264-241f3a8336ee","modified":1605959254982,"file_url":"https://sleazyfork.org/scripts/369536-xhamster-download-video/code/xhamster%20download%20video.user.js"}}