{"options":{"check_for_updates":true,"comment":null,"compatopts_for_requires":true,"compat_wrappedjsobject":false,"compat_metadata":false,"compat_foreach":false,"compat_arrayleft":false,"compat_uW_gmonkey":false,"compat_forvarin":false,"noframes":null,"awareOfChrome":false,"run_at":null,"override":{"use_includes":[],"orig_includes":["http*://www.xtube.com/*","http*://www.pornhub.com/*"],"merge_includes":true,"use_matches":[],"orig_matches":[],"merge_matches":true,"use_excludes":[],"orig_excludes":[],"merge_excludes":true,"use_connects":[],"merge_connects":true,"use_blockers":[],"orig_run_at":"document-end","orig_noframes":null,"orig_connects":[]}},"settings":{"enabled":true,"position":54},"meta":{"name":"Xtube Download Button","uuid":"17a9396c-1241-4e2f-94d8-07a62af99c3e","modified":1607157986878,"file_url":"https://sleazyfork.org/scripts/11816-xtube-download-button/code/Xtube%20Download%20Button.user.js"}}