{"options":{"check_for_updates":true,"comment":null,"compatopts_for_requires":true,"compat_wrappedjsobject":false,"compat_metadata":false,"compat_foreach":false,"compat_prototypes":false,"noframes":null,"run_at":null,"override":{"use_includes":[],"orig_includes":["http://*/*","https://*/*"],"merge_includes":true,"use_matches":[],"orig_matches":[],"merge_matches":true,"use_excludes":[],"orig_excludes":[],"merge_excludes":true,"use_connects":[],"merge_connects":true,"use_blockers":[],"orig_run_at":"document-start","orig_noframes":null}},"settings":{"enabled":false,"position":15},"meta":{"name":"AAK-Cont Userscript For uBlock Origin","uuid":"d346f158-8c30-4050-9b03-cbb05394c512","modified":1588560744392,"file_url":"https://gitlab.com/xuhaiyang1234/AAK-Cont/raw/master/FINAL_BUILD/aak-cont-script-ubo.user.js"}}