{"options":{"check_for_updates":true,"comment":null,"compatopts_for_requires":true,"compat_wrappedjsobject":false,"compat_metadata":false,"compat_foreach":false,"compat_prototypes":false,"noframes":null,"run_at":null,"override":{"use_includes":[],"orig_includes":[],"merge_includes":true,"use_matches":[],"orig_matches":["*://allegro.pl/*"],"merge_matches":true,"use_excludes":[],"orig_excludes":[],"merge_excludes":true,"use_connects":[],"merge_connects":true,"use_blockers":[],"orig_run_at":"document-idle","orig_noframes":null}},"settings":{"enabled":true,"position":43},"meta":{"name":"Allegro Infinite Scroll","uuid":"c2156745-d918-48ed-8773-01a486d9a622","modified":1606658436635,"file_url":"https://greasyfork.org/scripts/394157-allegro-infinite-scroll/code/Allegro%20Infinite%20Scroll.user.js"}}