{"options":{"check_for_updates":true,"comment":null,"compatopts_for_requires":true,"compat_wrappedjsobject":false,"compat_metadata":false,"compat_foreach":false,"compat_prototypes":false,"noframes":null,"run_at":null,"override":{"use_includes":[],"orig_includes":[],"merge_includes":true,"use_matches":[],"orig_matches":["https://allegro.pl/kategoria/*","https://allegro.pl/uzytkownik/*","https://allegro.pl/listing*"],"merge_matches":true,"use_excludes":[],"orig_excludes":[],"merge_excludes":true,"use_connects":[],"merge_connects":true,"use_blockers":[],"orig_run_at":"document-idle","orig_noframes":null}},"settings":{"enabled":true,"position":40},"meta":{"name":"AllegroPrzywracacz","uuid":"451ed62b-6c5f-4d82-9d6e-fd875edf5161","modified":1606657961157,"file_url":"https://greasyfork.org/scripts/37480-allegroprzywracacz/code/AllegroPrzywracacz.user.js"}}