{"options":{"check_for_updates":true,"comment":null,"compatopts_for_requires":true,"compat_wrappedjsobject":false,"compat_metadata":false,"compat_foreach":false,"compat_prototypes":false,"noframes":null,"run_at":null,"override":{"use_includes":[],"orig_includes":["*"],"merge_includes":true,"use_matches":[],"orig_matches":[],"merge_matches":true,"use_excludes":[],"orig_excludes":[],"merge_excludes":true,"use_connects":[],"merge_connects":true,"use_blockers":[],"orig_run_at":"document-idle","orig_noframes":null}},"settings":{"enabled":true,"position":24},"meta":{"name":"Allow Password Remembering","uuid":"d1b06acd-2882-444c-92a0-ddc157cf3ae4","modified":1606519235208,"file_url":"https://greasyfork.org/scripts/2286-allow-password-remembering/code/Allow%20Password%20Remembering.user.js"}}