{"options":{"check_for_updates":true,"comment":null,"compatopts_for_requires":true,"compat_wrappedjsobject":false,"compat_metadata":false,"compat_foreach":false,"compat_prototypes":false,"noframes":null,"run_at":null,"override":{"use_includes":[],"orig_includes":["*://ipv4.google.*/sorry/*"],"merge_includes":true,"use_matches":[],"orig_matches":[],"merge_matches":true,"use_excludes":[],"orig_excludes":[],"merge_excludes":true,"use_connects":[],"merge_connects":true,"use_blockers":[],"orig_run_at":"document-start","orig_noframes":null}},"settings":{"enabled":true,"position":108},"meta":{"name":"Bypass Google Sorry (reCAPTCHA)","uuid":"c9275011-a003-4da7-9989-2284fb8f956d","modified":1624821667478,"file_url":"https://greasyfork.org/scripts/33226-bypass-google-sorry-recaptcha/code/Bypass%20Google%20Sorry%20(reCAPTCHA).user.js"}}