{"options":{"check_for_updates":true,"comment":null,"compatopts_for_requires":true,"compat_wrappedjsobject":false,"compat_metadata":false,"compat_foreach":false,"compat_prototypes":false,"noframes":null,"run_at":null,"override":{"use_includes":[],"orig_includes":["*"],"merge_includes":true,"use_matches":[],"orig_matches":[],"merge_matches":true,"use_excludes":[],"orig_excludes":["http*://youtu.be/*","http*://*.youtu.be/*","http*://*.ytimg.com/*","https://www.youtube.com/feed/*","https://www.youtube.com/channel/*","https://www.youtube.com/user/*","https://www.youtube.com/watch?*","https://www.youtube.com/playlist?*","https://www.youtube.com/my_videos?*","https://www.youtube.com/dashboard?*","https://www.youtube.com/view_all_playlists*"],"merge_excludes":true,"use_connects":[],"merge_connects":true,"use_blockers":[],"orig_run_at":"document-idle","orig_noframes":null}},"settings":{"enabled":false,"position":21},"meta":{"name":"Convert Youtube Embeds to Image Links","uuid":"c9d16786-762f-4e29-9c6b-1fcefa208c92","modified":1605987844996,"file_url":"https://greasyfork.org/scripts/7096-convert-youtube-embeds-to-image-links/code/Convert%20Youtube%20Embeds%20to%20Image%20Links.user.js"}}