{"options":{"check_for_updates":true,"comment":null,"compatopts_for_requires":true,"compat_wrappedjsobject":false,"compat_metadata":false,"compat_foreach":false,"compat_prototypes":false,"noframes":null,"run_at":null,"override":{"use_includes":[],"orig_includes":[],"merge_includes":true,"use_matches":[],"orig_matches":["http://fmovies.to/*","https://fmovies.to/*","http://9anime.to/*"],"merge_matches":true,"use_excludes":[],"orig_excludes":[],"merge_excludes":true,"use_connects":[],"merge_connects":true,"use_blockers":[],"orig_run_at":"document-idle","orig_noframes":null}},"settings":{"enabled":true,"position":14},"meta":{"name":"Direct Download From fmovies","uuid":"f69fa967-ee47-4323-a2c3-fe4a80be8501","modified":1584916064276,"file_url":"https://gist.github.com/MaxySpark/d3dd51776dd4f805eee4ea1e8798b5b8/raw/6944048b9fe87c7f36a187850e45b1e487e275b9/fmovies-9anime.user.js"}}