{"options":{"check_for_updates":true,"comment":null,"compatopts_for_requires":true,"compat_wrappedjsobject":false,"compat_metadata":false,"compat_foreach":false,"compat_prototypes":false,"noframes":null,"run_at":null,"override":{"use_includes":[],"orig_includes":[],"merge_includes":true,"use_matches":[],"orig_matches":["*://www.youtube.com/*"],"merge_matches":true,"use_excludes":[],"orig_excludes":[],"merge_excludes":true,"use_connects":[],"merge_connects":true,"use_blockers":[],"orig_run_at":"document-start","orig_noframes":null}},"settings":{"enabled":true,"position":77},"meta":{"name":"Disable Youtube next video autoplay","uuid":"05a5277b-1675-42eb-a1f4-752fca578f4d","modified":1607177417977,"file_url":"https://greasyfork.org/scripts/34651-disable-youtube-next-video-autoplay/code/Disable%20Youtube%20next%20video%20autoplay.user.js"}}