{"options":{"check_for_updates":true,"comment":null,"compatopts_for_requires":true,"compat_wrappedjsobject":false,"compat_metadata":false,"compat_foreach":false,"compat_prototypes":false,"noframes":null,"run_at":null,"override":{"use_includes":[],"orig_includes":["http*://*dropbox.com/s/*/*","http*://*dropbox.com/sh/*/*"],"merge_includes":true,"use_matches":[],"orig_matches":[],"merge_matches":true,"use_excludes":[],"orig_excludes":[],"merge_excludes":true,"use_connects":[],"merge_connects":true,"use_blockers":[],"orig_run_at":"document-idle","orig_noframes":null}},"settings":{"enabled":true,"position":27},"meta":{"name":"Dropbox Direct Links","uuid":"4d6c97a1-1fb7-4950-9d29-f6ff6fb72db0","modified":1606523445896,"file_url":"https://greasyfork.org/scripts/3920-dropbox-direct-links/code/Dropbox%20Direct%20Links.user.js"}}