{"options":{"check_for_updates":true,"comment":null,"compatopts_for_requires":true,"compat_wrappedjsobject":false,"compat_metadata":false,"compat_foreach":false,"compat_prototypes":false,"noframes":null,"run_at":null,"override":{"use_includes":[],"orig_includes":["http://exhentai.org/g/*","http://g.e-hentai.org/g/*","http://r.e-hentai.org/g/*"],"merge_includes":true,"use_matches":[],"orig_matches":["http://exhentai.org/g/*","http://g.e-hentai.org/g/*","http://r.e-hentai.org/g/*"],"merge_matches":true,"use_excludes":[],"orig_excludes":[],"merge_excludes":true,"use_connects":[],"merge_connects":true,"use_blockers":[],"orig_run_at":"document-idle","orig_noframes":null}},"settings":{"enabled":false,"position":52},"meta":{"name":"E-Hentai Downloader","uuid":"08c1db45-45ed-4c03-aa97-533d79ced4e0","modified":1607158024795,"file_url":"https://sleazyfork.org/scripts/19908-e-hentai-downloader/code/E-Hentai%20Downloader.user.js"}}