{"options":{"check_for_updates":true,"comment":null,"compatopts_for_requires":true,"compat_wrappedjsobject":false,"compat_metadata":false,"compat_foreach":false,"compat_prototypes":false,"noframes":null,"run_at":null,"override":{"use_includes":[],"orig_includes":["https://www.google.*"],"merge_includes":true,"use_matches":[],"orig_matches":[],"merge_matches":true,"use_excludes":[],"orig_excludes":["https://encrypted.google.com/*","https://accounts.google.com/*","https://mail.google.com/*","http://www.google.com/*","http://www.google.com/imgres?imgurl=*"],"merge_excludes":true,"use_connects":[],"merge_connects":true,"use_blockers":[],"orig_run_at":"document-idle","orig_noframes":null}},"settings":{"enabled":false,"position":45},"meta":{"name":"Encrypted Google (HTTPS/SSL)","uuid":"e297b742-f7ab-42d3-a59c-452dbb966684","modified":1606658933195,"file_url":"https://greasyfork.org/scripts/7845-encrypted-google-https-ssl/code/Encrypted%20Google%20(HTTPSSSL).user.js"}}