{"options":{"check_for_updates":true,"comment":null,"compatopts_for_requires":true,"compat_wrappedjsobject":false,"compat_metadata":false,"compat_foreach":false,"compat_prototypes":false,"noframes":null,"run_at":null,"override":{"use_includes":[],"orig_includes":["https://github.com/*"],"merge_includes":true,"use_matches":[],"orig_matches":["https://github.com/*"],"merge_matches":true,"use_excludes":[],"orig_excludes":[],"merge_excludes":true,"use_connects":[],"merge_connects":true,"use_blockers":[],"orig_run_at":"document-end","orig_noframes":null}},"settings":{"enabled":true,"position":28},"meta":{"name":"GitHub Enhancement Suite","uuid":"80dfedad-377e-461d-a689-38dec97cbd2b","modified":1606656406377,"file_url":"https://github.com/skratchdot/github-enhancement-suite/raw/master/enhancement-suite.user.js"}}