{"options":{"check_for_updates":true,"comment":null,"compatopts_for_requires":true,"compat_wrappedjsobject":false,"compat_metadata":false,"compat_foreach":false,"compat_prototypes":false,"noframes":null,"run_at":null,"override":{"use_includes":[],"orig_includes":[],"merge_includes":true,"use_matches":[],"orig_matches":["http*://allegro.pl/*"],"merge_matches":true,"use_excludes":[],"orig_excludes":[],"merge_excludes":true,"use_connects":[],"merge_connects":true,"use_blockers":[],"orig_run_at":"document-idle","orig_noframes":null}},"settings":{"enabled":true,"position":44},"meta":{"name":"Klikalne kategorie Allegro","uuid":"12a26def-3131-4388-9f5d-c9bc0b5d390f","modified":1606658441895,"file_url":"https://greasyfork.org/scripts/24561-klikalne-kategorie-allegro/code/Klikalne%20kategorie%20Allegro.user.js"}}