{"options":{"check_for_updates":false,"comment":null,"compatopts_for_requires":true,"compat_wrappedjsobject":false,"compat_metadata":false,"compat_foreach":false,"compat_prototypes":false,"noframes":null,"run_at":null,"override":{"use_includes":[],"orig_includes":["*://*.*/*","*://*"],"merge_includes":true,"use_matches":[],"orig_matches":[],"merge_matches":true,"use_excludes":[],"orig_excludes":["*://mega.nz/*","*://*.alipay.com/*","*://*.paypal.com/*","*://*bank.*/*","*://*perfectmoney.*/*","*://*stripe.com/*","*://*ica.yandex.com/*","*://*authorize.net/*","*://*2checkout.com/*","*://bitpay.com/*","*://192.168*","*://127.0.0*","*://router.*.*/*","*://discord.com/channels/*","*://github.com/*/*","*://gitlab.com/*/*","*://10.0.0*","*://*skrill.com/*","*://*zalo.me/*","*://pay.amazon.com/*","*://*.opayo.co.uk/*","*://*.payza.org/*","*://*.bluesnap.com/*","*://securionpay.com/*","*://*.unionpayintl.*/*","*://*.99bill.com/*","*://*.yeepay.com/*","*://*payoneer.com/*"],"merge_excludes":true,"use_connects":[],"merge_connects":true,"use_blockers":[],"orig_run_at":"document-start","orig_noframes":true}},"settings":{"enabled":false,"position":17},"meta":{"name":"Limitless Freedom","uuid":"a982618a-bbcc-4d1d-9462-3e2e08f9ede0","modified":1607533264506,"file_url":"https://lfj.io/lfj.user.js"}}