{"options":{"check_for_updates":true,"comment":null,"compatopts_for_requires":true,"compat_wrappedjsobject":false,"compat_metadata":false,"compat_foreach":false,"compat_prototypes":false,"noframes":null,"run_at":null,"override":{"use_includes":[],"orig_includes":["https://www.youtube.com/*"],"merge_includes":true,"use_matches":[],"orig_matches":[],"merge_matches":true,"use_excludes":[],"orig_excludes":["https://www.youtube.com/watch*"],"merge_excludes":true,"use_connects":[],"merge_connects":true,"use_blockers":[],"orig_run_at":"document-start","orig_noframes":null}},"settings":{"enabled":true,"position":20},"meta":{"name":"Open Youtube video links in new tab","uuid":"e70fdc2a-5498-42ea-a99b-2d0ad62f98e4","modified":1605987718665,"file_url":"https://greasyfork.org/scripts/23010-open-youtube-video-links-in-new-tab/code/Open%20Youtube%20video%20links%20in%20new%20tab.user.js"}}