{"options":{"check_for_updates":true,"comment":null,"compatopts_for_requires":true,"compat_wrappedjsobject":false,"compat_metadata":false,"compat_foreach":false,"compat_prototypes":false,"noframes":null,"run_at":null,"override":{"use_includes":[],"orig_includes":["http://openload.co","/^(https?:)?\\/\\/(openload\\.(co|pw)|oload\\.(\\w+)|oladblock\\.(me|services|xyz))\\/*.*/"],"merge_includes":true,"use_matches":[],"orig_matches":[],"merge_matches":true,"use_excludes":[],"orig_excludes":[],"merge_excludes":true,"use_connects":[],"merge_connects":true,"use_blockers":[],"orig_run_at":"document-start","orig_noframes":null}},"settings":{"enabled":true,"position":109},"meta":{"name":"openload","uuid":"ad979517-c64d-4d19-a9e5-c48e6e06a101","modified":1624821745745,"file_url":"https://greasyfork.org/scripts/17665-openload/code/openload.user.js"}}