{"options":{"check_for_updates":true,"comment":null,"compatopts_for_requires":true,"compat_wrappedjsobject":false,"compat_metadata":false,"compat_foreach":false,"compat_prototypes":false,"noframes":null,"run_at":null,"override":{"use_includes":[],"orig_includes":["https://*.pearsoned.com/*","https://*.ecollege.com/*","https://*.pearsonmylabandmastering.com/*"],"merge_includes":true,"use_matches":[],"orig_matches":[],"merge_matches":true,"use_excludes":[],"orig_excludes":[],"merge_excludes":true,"use_connects":[],"merge_connects":true,"use_blockers":[],"orig_run_at":"document-idle","orig_noframes":null}},"settings":{"enabled":true,"position":85},"meta":{"name":"Pearson hide \"Platform not supported\"","uuid":"0ca567c4-45f1-4c28-8857-84130807a148","modified":1611555529908,"file_url":"https://gist.github.com/winny-/35ed2f374e3510bbe5757feb37587a6b/raw/3e3c220c3dc901efc8ee0a25005aab045697e25e/pearson-hide-platform-not-supported.user.js"}}