{"options":{"check_for_updates":true,"comment":null,"compatopts_for_requires":true,"compat_wrappedjsobject":false,"compat_metadata":false,"compat_foreach":false,"compat_prototypes":false,"noframes":null,"run_at":null,"override":{"use_includes":[],"orig_includes":[],"merge_includes":true,"use_matches":[],"orig_matches":["https://www.pornhubpremium.com/view_video.php","https://www.pornhub.com/view_video.php*","*://www.pornhub.com/view_video.php*","*://*.pornhub.com/view_video.php*","*://pornhub.com/view_video.php*","https://www.pornhubpremium.com/view_video.php*","*://www.pornhubpremium.com/view_video.php*","*://*.pornhubpremium.com/view_video.php*","*://pornhubpremium.com/view_video.php*"],"merge_matches":true,"use_excludes":[],"orig_excludes":[],"merge_excludes":true,"use_connects":[],"merge_connects":true,"use_blockers":[],"orig_run_at":"document-idle","orig_noframes":null}},"settings":{"enabled":false,"position":105},"meta":{"name":"PH Downloader - pornhubpremium.com","uuid":"dd4d6da2-56fa-440a-bdbc-e7b423c88f6c","modified":1624808192906}}