{"options":{"check_for_updates":true,"comment":null,"compatopts_for_requires":true,"compat_wrappedjsobject":false,"compat_metadata":false,"compat_foreach":false,"compat_prototypes":false,"noframes":null,"run_at":null,"override":{"use_includes":[],"orig_includes":[],"merge_includes":true,"use_matches":[],"orig_matches":["https://www.pornhubpremium.com/view_video.php","https://www.pornhub.com/view_video.php*","*://www.pornhub.com/view_video.php*","*://*.pornhub.com/view_video.php*","*://pornhub.com/view_video.php*","https://www.pornhubpremium.com/view_video.php*","*://www.pornhubpremium.com/view_video.php*","*://*.pornhubpremium.com/view_video.php*","*://pornhubpremium.com/view_video.php*"],"merge_matches":true,"use_excludes":[],"orig_excludes":[],"merge_excludes":true,"use_connects":[],"merge_connects":true,"use_blockers":[],"orig_run_at":"document-idle","orig_noframes":null}},"settings":{"enabled":false,"position":98},"meta":{"name":"PH Downloader - pornhubpremium.com","uuid":"a7ef2b9a-04f7-4b87-9f5f-3378a9c9b95d","modified":1624806705753,"file_url":"https://sleazyfork.org/scripts/411587-ph-downloader-pornhubpremium-com/code/PH%20Downloader%20-%20pornhubpremiumcom.user.js"}}