{"options":{"check_for_updates":true,"comment":null,"compatopts_for_requires":true,"compat_wrappedjsobject":false,"compat_metadata":false,"compat_foreach":false,"compat_prototypes":false,"noframes":null,"run_at":null,"override":{"use_includes":[],"orig_includes":[],"merge_includes":true,"use_matches":[],"orig_matches":["https://pornhub.com/pornstar/*","https://*.pornhub.com/pornstar/*","https://pornhub.com/pornstar/*/videos","https://*.pornhub.com/pornstar/*/videos","https://pornhub.com/model/*/videos","https://*.pornhub.com/model/*/videos","https://pornhub.com/model/*","https://*.pornhub.com/model/*","https://pornhubpremium.com/pornstar/*/videos","https://*.pornhubpremium.com/pornstar/*/videos","https://pornhubpremium.com/model/*/videos","https://*.pornhubpremium.com/model/*/videos"],"merge_matches":true,"use_excludes":[],"orig_excludes":[],"merge_excludes":true,"use_connects":[],"merge_connects":true,"use_blockers":[],"orig_run_at":"document-idle","orig_noframes":null}},"settings":{"enabled":true,"position":106},"meta":{"name":"PornHub PornStar/Models Videos Link Grabber","uuid":"f604faee-b167-4bf7-8b1f-369e2df7b54e","modified":1624808502261,"file_url":"https://openuserjs.org/install/SuperPanda/PornHub_PornStarModels_Videos_Link_Grabber.user.js"}}