{"options":{"check_for_updates":true,"comment":null,"compatopts_for_requires":true,"compat_wrappedjsobject":false,"compat_metadata":false,"compat_foreach":false,"compat_prototypes":false,"noframes":null,"run_at":null,"override":{"use_includes":[],"orig_includes":[],"merge_includes":true,"use_matches":[],"orig_matches":["https://*.pornhub.com/channels/*","https://*.pornhubpremium.com/channels/*"],"merge_matches":true,"use_excludes":[],"orig_excludes":[],"merge_excludes":true,"use_connects":[],"merge_connects":true,"use_blockers":[],"orig_run_at":"document-idle","orig_noframes":null}},"settings":{"enabled":false,"position":99},"meta":{"name":"pornhub.com channel videos link grabber","uuid":"7011ed26-968c-429e-92d0-5a671b947ad4","modified":1624806828207,"file_url":"https://sleazyfork.org/scripts/370190-pornhub-com-channel-videos-link-grabber/code/pornhubcom%20channel%20videos%20link%20grabber.user.js"}}