{"options":{"check_for_updates":true,"comment":null,"compatopts_for_requires":true,"compat_wrappedjsobject":false,"compat_metadata":false,"compat_foreach":false,"compat_prototypes":false,"noframes":null,"run_at":null,"override":{"use_includes":[],"orig_includes":[],"merge_includes":true,"use_matches":[],"orig_matches":["https://pornhub.com/users/*/videos/public*","https://*.pornhub.com/users/*/videos/public*"],"merge_matches":true,"use_excludes":[],"orig_excludes":[],"merge_excludes":true,"use_connects":[],"merge_connects":true,"use_blockers":[],"orig_run_at":"document-idle","orig_noframes":null}},"settings":{"enabled":false,"position":102},"meta":{"name":"pornhub.com user videos link grabber","uuid":"6b04eece-064d-4580-ad66-a15a86a776bf","modified":1624807129985,"file_url":"https://sleazyfork.org/scripts/40611-pornhub-com-user-videos-link-grabber/code/pornhubcom%20user%20videos%20link%20grabber.user.js"}}