{"options":{"check_for_updates":true,"comment":null,"compatopts_for_requires":true,"compat_wrappedjsobject":false,"compat_metadata":false,"compat_foreach":false,"compat_prototypes":false,"noframes":null,"run_at":null,"override":{"use_includes":[],"orig_includes":["http://www.tumblr.com/dashboard*","https://www.tumblr.com/dashboard*","http://www.tumblr.com/reblog*","https://www.tumblr.com/reblog*","http://www.tumblr.com/search*","https://www.tumblr.com/search*","http://www.tumblr.com/explore*","https://www.tumblr.com/explore*"],"merge_includes":true,"use_matches":[],"orig_matches":[],"merge_matches":true,"use_excludes":[],"orig_excludes":[],"merge_excludes":true,"use_connects":[],"merge_connects":true,"use_blockers":[],"orig_run_at":"document-start","orig_noframes":null}},"settings":{"enabled":true,"position":7},"meta":{"name":"Remove Tumblr ads","uuid":"d99065c1-4904-4f3d-a3cd-384ed02bdafe","modified":1540408174869}}