{"options":{"check_for_updates":true,"comment":null,"compatopts_for_requires":true,"compat_wrappedjsobject":false,"compat_metadata":false,"compat_foreach":false,"compat_prototypes":false,"noframes":null,"run_at":null,"override":{"use_includes":[],"orig_includes":[],"merge_includes":true,"use_matches":[],"orig_matches":["*://allegro.pl/*"],"merge_matches":true,"use_excludes":[],"orig_excludes":[],"merge_excludes":true,"use_connects":[],"merge_connects":true,"use_blockers":[],"orig_run_at":"document-start","orig_noframes":null}},"settings":{"enabled":true,"position":37},"meta":{"name":"Sortowanie Allegro","uuid":"aa0c567f-9d61-4338-8760-8f7d69b4ade3","modified":1606657913434,"file_url":"https://greasyfork.org/scripts/396356-sortowanie-allegro/code/Sortowanie%20Allegro.user.js"}}