{"options":{"check_for_updates":true,"comment":null,"compatopts_for_requires":true,"compat_wrappedjsobject":false,"compat_metadata":false,"compat_foreach":false,"compat_prototypes":false,"noframes":null,"run_at":null,"override":{"use_includes":[],"orig_includes":["http://*.mediawiki.org/*","http://*.wikibooks.org/*","http://*.wikimedia.org/*","http://*.wikinews.org/*","http://*.wikipedia.org/*","http://*.wikiquote.org/*","http://*.wikisource.org/*","http://*.wikiversity.org/*","http://*.wiktionary.org/*","http://code.google.com*","http://*.googleusercontent.com*","http://www.google.tld/profiles*","http://mail.google.com*","http://www.google.tld/calendar*","http://ssl.scroogle.org*","http://docs.google.tld/*","http://spreadsheets.google.tld/*","http://www.google.tld/reader*","http://www.google.tld/bookmarks*","http://www.google.tld/history*","http://groups.google.tld/*","http://sites.google.tld/*","http://gmail.google.com*","http://www.google.tld/notebook*","http://www.google.tld/webmasters/tools*","http://www.google.tld/contacts","http://www.google.tld/voice*","http://www.google.tld/finance*","http://www.google.tld/dictionary*","http://spreadsheets.google.com*","http://www.google.com/accounts/ServiceLogin?service=mail*","https://www.google.com/accounts/ServiceLogin?*continue=http%3A*","http://*.youtube.com/*","http://*.blogger.com/*","http://www.banesto.es*","http://www.ceca.es*","http://www.sidenor.com*","http://www.bbvanetcash.com*","http://www.bbvanetoffice.com*","http://www.activobank.com*","http://*bancamarch.es*","http://*.ibercaja.es*","http://portal.bbk.es*","http://www.bbk.es*","http://www.cam.es*","http://www.uno-e.com*","http://www.i-banesto.com*","http://www.bancosantander.es*","http://www.lacaixa.es*","http://www.ingdirect.es*","http://www.bbva.es*","http://www.ovh.es*","http://*paypal.com*","http://*amazon.com*","http://*amazon.co.uk*","http://alipay.com*","http://www.mercadolibre.com*","http://www.mercadolibre.tld/*","http://www.todocoleccion.net*","http://www.abebooks.com*","http://www.linklift.tld/*","http://www.adpv.com*","http://chitika.com*","http://www.burstmedia.com*","http://www.linkshare.com*","http://ads.kanoodle.com*","http://*.cj.com*","http://publisher.yahoo.com*","http://login.yahoo.com*","http://login.live.com*","http://twitter.com/*","http://*friendfeed.com*","http://www.facebook.com/","http://*static*.facebook.com*","http://www.facebook.com/login.php*","http://apps.facebook.com*","http://login.facebook.com*","http://orkut.com*","http://twitpic.com*","http://img.ly*","http://*sourceforge.net/projects*","http://*mail2web.com*","http://*.mail.com*","http://www.aol.com/*","http://identi.ca*","http://*.openid.net*","http://*.spamgourmet.com*","http://www.box.net*","http://www.instantssl.com","http://www.virustotal.com*","http://*.nytimes.com*","http://help.ubuntu.com*","http://secure.wikileaks.org*","http://*.wordpress.com*","http://*.mozilla.org*","http://microsoft.com*","http://www.microsoft.com*","http://thepiratebay.org*","http://static.thepiratebay.org*","http://rss.thepiratebay.org*","http://addons.mozilla.org*","http://*isohunt.com*","http://*evernote.com*","http://*binsearch.info*","http://*binsearch.net*","http://*.opendns.com*","http://*.zoho.com*","http://*.xmarks.com*","http://*.proxy.org*","http://proxy.org*","http://*proxify.com*","http://bugs.kde.org*","http://members.webs.com*","http://members.freewebs.com*","http://*.last.fm*","http://*.godaddy.com*","http://www.apple.com*","http://www.adobe.com*","http://*.inbox.com*","http://*.ezpzemail.com*","http://*mybloglog.com*","http://addthis.com*","http://login.passport.net*","http://bugs.gentoo.org*","http://forums.gentoo.org*","http://*mcafeesecure.com*","http://*authorize.net*","http://*versapay.com/*","http://canalonline.vodafone.es*","http://online.vodafone.tld/dispatch*","http://www.yoigo.com/index.php","http://www.yoigo.com/","http://tickets.vueling.com*","http://*infojobs.net*","http://www.verisign.tld/*","http://*.4shared.com*","http://*.tv.com*","http://bugs.gentoo.org*","http://bugs.kde.org*","http://*101distribution.com*","http://*1040now.net*","http:/*10kscholarship.com*","http://*123cheapdomains.com*","http://*.192.com*","http://*1stfinancialfcu.org*","http://*2mcctv.com*","http://www.2sms.com*","http://*4mybenefits.com*","http://*4structures.com*","http://*877myjuicer.com*","http://*authorize.net*","http://members.webs.com*","http://members.freewebs.com*","http://*godaddy.com*","http://*esignforms.com*","http://*stealthmessage.com*","http://*securenym.net*","http://*keptprivate.com*","http://*filefortress.com*","http://*securecomputing.com*","http://*bluebottle.com*","http://*vfemail.net*","http://*fastmail.ca*","http://*hushmail.com*","http://*proxify.com*","http://*psdata.no*","http://www.ps.no*","http://*qxl.no*","http://*netshop.no*","http://*allegro.pl*","http://cache.addthiscdn.com*","http://www.rapidshare.com*","http://rapidshare.com*","http://login.passport.net/uilogin.srf*","http://login.passport.net*","http://www.certisur.com.ve*","http://*.openssl.org*","http://www.hi5.com*","http://www.bbc.co.uk*","http://www.linkedin.com/secure*","http://cdn.gaggle.net*","http://download.entraction.com*","http://static-cache.tp-global.net*","http://images.vrbo.com*","http://www.goldstar.com*","http://images.goldstar.com*","http://static.woopra.com*","http://*.iseatz.com*","http://iseatz.com*","http://www.adbrite.com*","http://content.truste.com*","http://e1.boxcdn.net*","http://e2.boxcdn.net*","http://e3.boxcdn.net*","http://cdn.psw.net*","http://www.psw.net*","http://secure.comodo.com*","http://vwww.comodo.com*","http://*.fileburst.com*","http://policy.truste.com*","http://typekit.com/images*","http://wordpress.com*","http://*.wordpress.com*","http://*.ovi.com*"],"merge_includes":true,"use_matches":[],"orig_matches":[],"merge_matches":true,"use_excludes":[],"orig_excludes":["http://mail.ovi.com/r/mail/listing*","http://share.ovi.com*","http://www.linklift.com*","http://www.bbc.co.uk/","http://images.google.tld/*","http://www.google.tld/search*","http://www.google.tld/#*","http://*&q=*","http://*?q=*","http://*&p=*","http://*?p=*","http://*query=*","http://*imgres*imgurl=*","http://*search.yahoo.com*","http://*.*/*?*.*","http://*.*/*&*.*","http://*.*/*&continue=*","http://*google.*/*imgres*"],"merge_excludes":true,"use_connects":[],"merge_connects":true,"use_blockers":[],"orig_run_at":"document-idle","orig_noframes":null}},"settings":{"enabled":false,"position":29},"meta":{"name":"SSL Certificates Pro","uuid":"6077505d-d6dc-4a40-a304-a36ddbabc940","modified":1606657309396,"file_url":"https://greasyfork.org/scripts/5551-ssl-certificates-pro/code/SSL%20Certificates%20Pro.user.js"}}