{"options":{"check_for_updates":false,"comment":null,"compatopts_for_requires":true,"compat_wrappedjsobject":false,"compat_metadata":false,"compat_foreach":false,"compat_prototypes":false,"noframes":null,"run_at":null,"override":{"use_includes":[],"orig_includes":["http://*","https://*"],"merge_includes":true,"use_matches":[],"orig_matches":[],"merge_matches":true,"use_excludes":[],"orig_excludes":["*.youtube.com/*"],"merge_excludes":true,"use_connects":[],"merge_connects":true,"use_blockers":[],"orig_run_at":"document-idle","orig_noframes":null}},"settings":{"enabled":false,"position":22},"meta":{"name":"Stop Overzealous Embedding","uuid":"25f87480-dc5d-4cea-9e51-452518fda7d3","modified":1605988070411,"file_url":"https://greasyfork.org/scripts/370-stop-overzealous-embedding/code/Stop%20Overzealous%20Embedding.user.js"}}