{"options":{"check_for_updates":true,"comment":null,"compatopts_for_requires":true,"compat_wrappedjsobject":false,"compat_metadata":false,"compat_foreach":false,"compat_prototypes":false,"noframes":null,"run_at":null,"override":{"use_includes":[],"orig_includes":[],"merge_includes":true,"use_matches":[],"orig_matches":["*://*.9anime.ru/*"],"merge_matches":true,"use_excludes":[],"orig_excludes":[],"merge_excludes":true,"use_connects":[],"merge_connects":true,"use_blockers":[],"orig_run_at":"document-idle","orig_noframes":null}},"settings":{"enabled":true,"position":82},"meta":{"name":"Ultimate 9Anime Mod!","uuid":"2a880a02-5fea-4887-8b86-fc6a3ca16861","modified":1607550190489,"file_url":"https://greasyfork.org/scripts/369976-ultimate-9anime-mod/code/Ultimate%209Anime%20Mod!.user.js"}}