{"options":{"check_for_updates":true,"comment":null,"compatopts_for_requires":true,"compat_wrappedjsobject":false,"compat_metadata":false,"compat_foreach":false,"compat_prototypes":false,"noframes":null,"run_at":null,"override":{"use_includes":[],"orig_includes":["*moe.god.jp/*","http://moesubs.akurapopo.pro/*","http://www.mp3boo.com/get/*","https://docs.google.com/uc?*download","https://docs.google.com/file/d/*","*.kaskus.co.id/redirect?url=*","http://www.mirrorcreator.com/showlink.php?*","http://www.mirrorcreator.com/mstat.php?*","http://www.mirrorcreator.com/files/*","http://www.mirrorcreator.com/host/*","https://www.mirrorcreator.com/showlink.php?*","https://www.mirrorcreator.com/mstat.php?*","https://www.mirrorcreator.com/files/*","https://www.mirrorcreator.com/host/*","*embedupload.com/?*","*embedupload.to/?*","*jheberg.net/captcha/*","*180upload.com/*","*.1fichier.co*","*2shared.com/*","*4upfiles.com/getfile.php","*4upfiles.com/getfiles.php","*acefile.net/*","*aisfile.com/*","*akafile.com/down.php","*akafile.com/downs.php","*albafile.com/*","*anafile.com/anain.php","*anonfiles.com/file/*","*arabloads.com/*","*asfile.com/file/*","*asfile.com/en/free-download/file/*","*bayfiles.net/file/*","*billionuploads.com/*","*bitshare.com/files/*","*clicknupload.com/*","*copy.com/s/*","*cyberlocker.ch/*","*d-h.st/*","*datafilehost.com/d/*","*davvas.com/*","*dropbox.com/s/*","*embedload.com/*","*epicshare.net/*","*filedap.com/*","*filedropper.com/*","*filefactory.com/file/*","*filefactory.com/dlf/*","*filefolks.com/*","*filepost.com/files/*","*filerio.in/*","*filetrip.net/dl?*","*filezy.net/*","*firedrive.com/file/*","*firedrive.ws/file/*","*forunesia.com/*","*freakshare.com/files/*","*dl.free.fr/*","*gamefront.com/files/*","*ge.tt/*","*hipfile.com/*","*hostr.co/*","*hugefiles.net/*","*hulkload.com/*","*ifile.ws/*","*inafile.com/*","*imzupload.com/*","*jumbofiles.com/*","*kumpulbagi.id/*","*limelinx.com/*","*lumfile.com/*","*mediafire.com/download/*","*mightyupload.com/*","*miloshare.com/*","*mixturecloud.com/*","*movreel.com/*","*netload.in/*","*potload.com/*","*potload.net/*","*queenshare.com/*","*rapidgator.net/file/*","*rapidgator.net/download/*","*rapidshare.com/#!download*","*rghost.net/*","*ryushare.com/*","*sendmyway.com/*","*sendspace.com/file/*","*sharebeast.com/*","*sinhro.net/*","*sockshare.com/file/*","*sockshare.ws/file/*","*solidfiles.com/v/*","*solidfiles.net/v/*","*swankshare.com/*","*turbobit.net/*","*tusfiles.net/*","*tusfil.es/*","*upfile.mobi/*","*upafile.com/*","*uploaded.net/file/*","*uploadingit.com/file/*","*uploads.ws/*","*uppit.com/*","*uptobox.com/*","*userscloud.com/*","*usersfiles.com/*","*verzend.be/*","*vidplay.net/*","*v-vids.com/*","*wuala.com/*","*xl.gs/*","*zaladuj.to/*","*ziddu.com/download/*","*downloads.ziddu.com/downloadfile/*","*zippyshare.com/*/file.html*","*awcloud.pw*","*.4shared.com/android/*","*.4shared.com/archive/*","*.4shared.com/download/*","*.4shared.com/file/*","*.4shared.com/get/*","*.4shared.com/mobile/*","*.4shared.com/mp3/*","*.4shared.com/music/*","*.4shared.com/office/*","*.4shared.com/photo/*","*.4shared.com/rar/*","*.4shared.com/video/*","*.4shared.com/zip/*","*.4shared-china.com/android/*","*.4shared-china.com/archive/*","*.4shared-china.com/download/*","*.4shared-china.com/file/*","*.4shared-china.com/get/*","*.4shared-china.com/mobile/*","*.4shared-china.com/mp3/*","*.4shared-china.com/music/*","*.4shared-china.com/office/*","*.4shared-china.com/photo/*","*.4shared-china.com/rar/*","*.4shared-china.com/video/*","*.4shared-china.com/zip/*","*.mylinkgen.com/*","*4server.info/download/*"],"merge_includes":true,"use_matches":[],"orig_matches":[],"merge_matches":true,"use_excludes":[],"orig_excludes":["*.com/","/^.*(^\\.1fichier)\\.com//","*.net/","*.com/go/*","*.com/login","*.net/login","*.com/login*","*.net/login*","*.com/user*","*.net/user*","*/undefined","*/?*=*","*4server.info/premium/*"],"merge_excludes":true,"use_connects":[],"merge_connects":true,"use_blockers":[],"orig_run_at":"document-start","orig_noframes":null}},"settings":{"enabled":true,"position":46},"meta":{"name":"Various Filehosting Download Helper","uuid":"9f78dcf1-4c4d-415f-8901-e9b44a9ec0f8","modified":1606658941192,"file_url":"https://greasyfork.org/scripts/17970-various-filehosting-download-helper/code/Various%20Filehosting%20Download%20Helper.user.js"}}