{"options":{"check_for_updates":true,"comment":null,"compatopts_for_requires":true,"compat_wrappedjsobject":false,"compat_metadata":false,"compat_foreach":false,"compat_prototypes":false,"noframes":null,"run_at":null,"override":{"use_includes":[],"orig_includes":["https://*.xnxx.com/video-*","https://xnxx.com/video-*"],"merge_includes":true,"use_matches":[],"orig_matches":[],"merge_matches":true,"use_excludes":[],"orig_excludes":[],"merge_excludes":true,"use_connects":[],"merge_connects":true,"use_blockers":[],"orig_run_at":"document-idle","orig_noframes":null}},"settings":{"enabled":true,"position":110},"meta":{"name":"xnxx video download linker","uuid":"7e5f1091-3b2c-4b9a-b992-0b6488d43bee","modified":1625533086110,"file_url":"https://sleazyfork.org/scripts/37263-xnxx-video-download-linker/code/xnxx%20video%20download%20linker.user.js"}}