{"options":{"check_for_updates":true,"comment":null,"compatopts_for_requires":true,"compat_wrappedjsobject":false,"compat_metadata":false,"compat_foreach":false,"compat_prototypes":false,"noframes":null,"run_at":null,"override":{"use_includes":[],"orig_includes":[],"merge_includes":true,"use_matches":[],"orig_matches":["https://www.xvideos.com/*"],"merge_matches":true,"use_excludes":[],"orig_excludes":[],"merge_excludes":true,"use_connects":[],"merge_connects":true,"use_blockers":[],"orig_run_at":"document-idle","orig_noframes":null}},"settings":{"enabled":false,"position":94},"meta":{"name":"xvideo downloader","uuid":"28075c86-8537-4ee7-ba22-e6c9e93d17ba","modified":1624419959356,"file_url":"https://sleazyfork.org/scripts/420023-xvideo-downloader/code/xvideo%20downloader.user.js"}}