{"options":{"check_for_updates":true,"comment":null,"compatopts_for_requires":true,"compat_wrappedjsobject":false,"compat_metadata":false,"compat_foreach":false,"compat_prototypes":false,"noframes":null,"run_at":null,"override":{"use_includes":[],"orig_includes":["http://*.xvideos.com/*","http://xvideos.com/*","https://*.xvideos.com/*","https://xvideos.com/*"],"merge_includes":true,"use_matches":[],"orig_matches":[],"merge_matches":true,"use_excludes":[],"orig_excludes":[],"merge_excludes":true,"use_connects":["www.xvideos.com"],"merge_connects":true,"use_blockers":[],"orig_run_at":"document-idle","orig_noframes":null}},"settings":{"enabled":true,"position":95},"meta":{"name":"xvideos download linker","uuid":"3d1d6e12-7a2f-437a-be2c-34cb915999b3","modified":1624419977979,"file_url":"https://sleazyfork.org/scripts/396876-xvideos-download-linker/code/xvideos%20download%20linker.user.js"}}