{"options":{"check_for_updates":true,"comment":null,"compatopts_for_requires":true,"compat_wrappedjsobject":false,"compat_metadata":false,"compat_foreach":false,"compat_prototypes":false,"noframes":null,"run_at":null,"override":{"use_includes":[],"orig_includes":[],"merge_includes":true,"use_matches":[],"orig_matches":["https://www.youtube.com/*"],"merge_matches":true,"use_excludes":[],"orig_excludes":[],"merge_excludes":true,"use_connects":[],"merge_connects":true,"use_blockers":[],"orig_run_at":"document-idle","orig_noframes":null}},"settings":{"enabled":false,"position":71},"meta":{"name":"YouTube - Ad Skip","uuid":"19fbc606-3f27-4611-b7bc-69ab9e1dfbaa","modified":1607177155948,"file_url":"https://greasyfork.org/scripts/40178-youtube-ad-skip/code/YouTube%20-%20Ad%20Skip.user.js"}}