{"options":{"check_for_updates":true,"comment":null,"compatopts_for_requires":true,"compat_wrappedjsobject":false,"compat_metadata":false,"compat_foreach":false,"compat_prototypes":false,"noframes":null,"run_at":null,"override":{"use_includes":[],"orig_includes":[],"merge_includes":true,"use_matches":[],"orig_matches":["*://*.youtube.com/*"],"merge_matches":true,"use_excludes":[],"orig_excludes":[],"merge_excludes":true,"use_connects":[],"merge_connects":true,"use_blockers":[],"orig_run_at":"document-idle","orig_noframes":null}},"settings":{"enabled":false,"position":65},"meta":{"name":"YouTube Thumbnails - Full Video Thumbnails for YouTube","uuid":"33c589a4-15d8-47e9-aecf-abbc4ae4bb3e","modified":1607169759769,"file_url":"https://greasyfork.org/scripts/10848-youtube-thumbnails-full-video-thumbnails-for-youtube/code/YouTube%20Thumbnails%20-%20Full%20Video%20Thumbnails%20for%20YouTube.user.js"}}