{"options":{"check_for_updates":true,"comment":null,"compatopts_for_requires":true,"compat_wrappedjsobject":false,"compat_metadata":false,"compat_foreach":false,"compat_prototypes":false,"noframes":null,"run_at":null,"override":{"use_includes":[],"orig_includes":[],"merge_includes":true,"use_matches":[],"orig_matches":["https://www.youtube.com/*"],"merge_matches":true,"use_excludes":[],"orig_excludes":[],"merge_excludes":true,"use_connects":[],"merge_connects":true,"use_blockers":[],"orig_run_at":"document-idle","orig_noframes":null}},"settings":{"enabled":false,"position":84},"meta":{"name":"Youtube Fix","uuid":"2294c6af-84c3-4e75-8ce2-d5eadf5c82cb","modified":1611179318101,"file_url":"https://greasyfork.org/scripts/387447-youtube-fix/code/Youtube%20Fix.user.js"}}