{"options":{"check_for_updates":true,"comment":null,"compatopts_for_requires":true,"compat_wrappedjsobject":false,"compat_metadata":false,"compat_foreach":false,"compat_prototypes":false,"noframes":null,"run_at":null,"override":{"use_includes":[],"orig_includes":[],"merge_includes":true,"use_matches":[],"orig_matches":["*://*.youtube.com/*"],"merge_matches":true,"use_excludes":[],"orig_excludes":[],"merge_excludes":true,"use_connects":[],"merge_connects":true,"use_blockers":[],"orig_run_at":"document-idle","orig_noframes":null}},"settings":{"enabled":false,"position":75},"meta":{"name":"Youtube To MP3 Button - Fast direct download without leaving the YouTube page!","uuid":"857b2706-8a40-437c-afd3-a688de196ccf","modified":1607177334738,"file_url":"https://greasyfork.org/scripts/406825-youtube-to-mp3-button-fast-direct-download-without-leaving-the-youtube-page/code/Youtube%20To%20MP3%20Button%20-%20Fast%20direct%20download%20without%20leaving%20the%20YouTube%20page!.user.js"}}