{"options":{"check_for_updates":true,"comment":null,"compatopts_for_requires":true,"compat_wrappedjsobject":false,"compat_metadata":false,"compat_foreach":false,"compat_prototypes":false,"noframes":null,"run_at":null,"override":{"use_includes":[],"orig_includes":[],"merge_includes":true,"use_matches":[],"orig_matches":["https://www.youtube.com/*"],"merge_matches":true,"use_excludes":[],"orig_excludes":[],"merge_excludes":true,"use_connects":[],"merge_connects":true,"use_blockers":[],"orig_run_at":"document-start","orig_noframes":null}},"settings":{"enabled":false,"position":66},"meta":{"name":"Youtube polymer engine fixes","uuid":"7cc78792-7018-4d8f-806b-e7ecd08e5c4d","modified":1607169776564,"file_url":"https://greasyfork.org/scripts/405614-youtube-polymer-engine-fixes/code/Youtube%20polymer%20engine%20fixes.user.js"}}