{"options":{"check_for_updates":true,"comment":null,"compatopts_for_requires":true,"compat_wrappedjsobject":false,"compat_metadata":false,"compat_foreach":false,"compat_prototypes":false,"noframes":null,"run_at":null,"override":{"use_includes":[],"orig_includes":["http://*.youtube.com/*","http://youtube.com/*","https://*.youtube.com/*","https://youtube.com/*"],"merge_includes":true,"use_matches":[],"orig_matches":["*://*.youtube.com/*","*://*.googlevideo.com/*","*://s.ytimg.com/yts/jsbin/*"],"merge_matches":true,"use_excludes":[],"orig_excludes":[],"merge_excludes":true,"use_connects":[],"merge_connects":true,"use_blockers":[],"orig_run_at":"document-idle","orig_noframes":null}},"settings":{"enabled":true,"position":59},"meta":{"name":"YouTube Links","uuid":"a97f9958-48cc-4767-a6a4-57dd6a86d323","modified":1626460563080,"file_url":"https://greasyfork.org/scripts/5566-youtube-links/code/YouTube%20Links.user.js"}}