{"options":{"check_for_updates":true,"comment":null,"compatopts_for_requires":true,"compat_wrappedjsobject":false,"compat_metadata":false,"compat_foreach":false,"compat_arrayleft":false,"compat_uW_gmonkey":false,"compat_forvarin":false,"noframes":null,"awareOfChrome":false,"run_at":null,"override":{"use_includes":[],"orig_includes":["http://www.google.*/webhp*","http://www.google.*/webhp*","http://www.google.*/","http://www.google.*/","http://www.google.*/search*","http://www.google.*/search*","*google.*/firefox*","*google.*/firefox*"],"merge_includes":true,"use_matches":[],"orig_matches":[],"merge_matches":true,"use_excludes":[],"orig_excludes":["*images.google*","*video.google*"],"merge_excludes":true,"use_connects":[],"merge_connects":true,"use_blockers":[],"orig_run_at":"document-idle","orig_noframes":null,"orig_connects":[]}},"settings":{"enabled":false,"position":14},"meta":{"name":"Google Pirate v2 Extended","uuid":"b61c2940-043e-4c95-9f14-7114a28fd07c","modified":1540408174903}}