{"options":{"check_for_updates":true,"comment":null,"compatopts_for_requires":true,"compat_wrappedjsobject":false,"compat_metadata":false,"compat_foreach":false,"compat_arrayleft":false,"compat_uW_gmonkey":false,"compat_forvarin":false,"noframes":null,"awareOfChrome":false,"run_at":null,"override":{"use_includes":[],"orig_includes":["*www.ipla.tv/*","*getmedia.redefine.pl/*","*player.pl/*","*vod.pl/*","*qi.ckm.onetapi.pl/*","*tvp.pl/*","*www.cda.pl/*"],"merge_includes":true,"use_matches":[],"orig_matches":["http://www.ipla.tv/*"],"merge_matches":true,"use_excludes":[],"orig_excludes":[],"merge_excludes":true,"use_connects":[],"merge_connects":true,"use_blockers":[],"orig_run_at":"document-idle","orig_noframes":null,"orig_connects":[]}},"settings":{"enabled":true,"position":1},"meta":{"name":"Skrypt umożliwiający pobieranie materiałów ze znanych serwisów VOD.","uuid":"38f03da0-ec99-4c18-bb14-6db622aec819","modified":1540408174735}}