{"options":{"check_for_updates":true,"comment":null,"compatopts_for_requires":true,"compat_wrappedjsobject":false,"compat_metadata":false,"compat_foreach":false,"compat_arrayleft":false,"compat_prototypes":true,"compat_uW_gmonkey":false,"compat_forvarin":false,"noframes":null,"awareOfChrome":false,"run_at":null,"override":{"use_includes":[],"orig_includes":["*"],"merge_includes":true,"use_matches":[],"orig_matches":[],"merge_matches":true,"use_excludes":[],"orig_excludes":[],"merge_excludes":true,"use_connects":[],"merge_connects":true,"use_blockers":[],"orig_run_at":"document-idle","orig_noframes":null,"orig_connects":[]}},"settings":{"enabled":false,"position":19},"meta":{"name":"Videlibri-Skript","uuid":"367e07fd-0879-4eb9-b91c-a917807667e1","modified":1553093005944,"file_url":"https://sourceforge.net/p/videlibri/code/ci/default/tree/programs/internet/firefoxgreasemonkey/webscraper/Webscraper.user.js?format=raw"}}