{"ts":1553093169473,"data":{"vl_phase":"n0","multipageActive":"btrue","multipageTemplate":"s[{\"url\":\"https://sourceforge.net/projects/clonekeenplus/\",\"post\":\"\",\"test\":\"\",\"repeat\":false,\"loopvar\":\"\",\"looplist\":\"\",\"template\":\"<BODY>\\n  <DIV class=\\\"off-canvas-content\\\">\\n    <DIV class=\\\"l-two-column-page\\\">\\n      <DIV class=\\\"l-content-column\\\">\\n        <DIV class=\\\"project-body\\\">\\n          <SECTION class=\\\"project-masthead\\\">\\n            <DIV class=\\\"content\\\">\\n              <DIV class=\\\"overview\\\">\\n                <DIV class=\\\"title\\\">\\n                  <H1>Comm  <t:s>book.author := substring-before(substring-after(text(), 'Comm'), 's')</t:s></H1>\\n                </DIV>\\n              </DIV>\\n            </DIV>\\n          </SECTION>\\n        </DIV>\\n      </DIV>\\n    </DIV>\\n  </DIV>\\n</BODY>\\n\"}]","multipageVariables":"s","__scraper_guiposition":"sleft","FORM_URL":"s","__scraper_LAST_FOLLOW_URL":"shttps://sourceforge.net/projects/clonekeenplus/","FORM_DATA":"s"}}