{"options":{"check_for_updates":true,"comment":null,"compatopts_for_requires":true,"compat_wrappedjsobject":false,"compat_metadata":false,"compat_foreach":false,"compat_arrayleft":false,"compat_uW_gmonkey":false,"compat_forvarin":false,"noframes":null,"awareOfChrome":false,"run_at":null,"override":{"use_includes":[],"orig_includes":[],"merge_includes":true,"use_matches":[],"orig_matches":["*://*.abczdrowie.pl/*","*://*.autokrata.pl/*","*://*.autokult.pl/*","*://*.biztok.pl/*","*://*.gadzetomania.pl/*","*://*.hotmoney.pl/*","*://*.kafeteria.pl/*","*://*.kafeteria.tv/*","*://*.komediowo.pl/*","*://*.komorkomania.pl/*","*://*.money.pl/*","*://*.money.pl/*","*://*.pudelek.tv/*","*://*.sfora.pl/*","*://*.snobka.pl/*","*://*.wawalove.pl/*","*://*.wp.pl/*","*://*.wp.tv/*","*://*.wrzuta.pl/*","*://*.pudelek.pl/*"],"merge_matches":true,"use_excludes":[],"orig_excludes":[],"merge_excludes":true,"use_connects":[],"merge_connects":true,"use_blockers":[],"orig_run_at":"document-start","orig_noframes":null,"orig_connects":[]}},"settings":{"enabled":true,"position":29},"meta":{"name":"wp.pl","uuid":"60d8b02c-560f-46b5-a020-dc4ea51346f1","modified":1559501122429,"file_url":"https://raw.githubusercontent.com/MajkiIT/polish-ads-filter/master/polish-adblock-filters/polish_adblock.user.js"}}