{"options":{"check_for_updates":true,"comment":null,"compatopts_for_requires":true,"compat_wrappedjsobject":false,"compat_metadata":false,"compat_foreach":false,"compat_arrayleft":false,"compat_uW_gmonkey":false,"compat_forvarin":false,"noframes":null,"awareOfChrome":false,"run_at":null,"override":{"use_includes":[],"orig_includes":["http://exhentai.org/g/*","http://e-hentai.org/g/*","http://g.e-hentai.org/g/*","http://r.e-hentai.org/g/*","https://exhentai.org/g/*","https://e-hentai.org/g/*","https://g.e-hentai.org/g/*","https://r.e-hentai.org/g/*"],"merge_includes":true,"use_matches":[],"orig_matches":[],"merge_matches":true,"use_excludes":[],"orig_excludes":[],"merge_excludes":true,"use_connects":[],"merge_connects":true,"use_blockers":[],"orig_run_at":"document-idle","orig_noframes":null,"orig_connects":["e-hentai.org","exhentai.org","hath.network","*"]}},"settings":{"enabled":true,"position":52},"meta":{"name":"E-Hentai Downloader","uuid":"08c1db45-45ed-4c03-aa97-533d79ced4e0","modified":1606659410163,"file_url":"https://sleazyfork.org/scripts/10379-e-hentai-downloader/code/E-Hentai%20Downloader.user.js"}}