{"options":{"check_for_updates":true,"comment":null,"compatopts_for_requires":true,"compat_wrappedjsobject":false,"compat_metadata":false,"compat_foreach":false,"compat_arrayleft":false,"compat_uW_gmonkey":false,"compat_forvarin":false,"noframes":null,"awareOfChrome":false,"run_at":null,"override":{"use_includes":[],"orig_includes":["http://www.google.*/search?*","https://encrypted.google.*/search?*"],"merge_includes":true,"use_matches":[],"orig_matches":[],"merge_matches":true,"use_excludes":[],"orig_excludes":[],"merge_excludes":true,"use_connects":[],"merge_connects":true,"use_blockers":[],"orig_run_at":"document-idle","orig_noframes":null,"orig_connects":[]}},"settings":{"enabled":false,"position":51},"meta":{"name":"Google Cache Redirect Remover","uuid":"ab6ebf4c-d510-4da2-81e0-e6ec759c58d6","modified":1606659084152,"file_url":"https://greasyfork.org/scripts/1117-google-cache-redirect-remover/code/Google%20Cache%20Redirect%20Remover.user.js"}}