{"options":{"check_for_updates":true,"comment":null,"compatopts_for_requires":true,"compat_wrappedjsobject":false,"compat_metadata":false,"compat_foreach":false,"compat_arrayleft":false,"compat_uW_gmonkey":false,"compat_forvarin":false,"noframes":null,"awareOfChrome":false,"run_at":null,"override":{"use_includes":[],"orig_includes":["http://www.google.*/search*","https://www.google.*/search*","http://encrypted.google.*/search*","https://encrypted.google.*/search*"],"merge_includes":true,"use_matches":[],"orig_matches":[],"merge_matches":true,"use_excludes":[],"orig_excludes":[],"merge_excludes":true,"use_connects":[],"merge_connects":true,"use_blockers":[],"orig_run_at":"document-idle","orig_noframes":null,"orig_connects":[]}},"settings":{"enabled":false,"position":47},"meta":{"name":"noGoogleRedirect","uuid":"3d0c4082-3333-46d0-8235-eca02f9cbcf3","modified":1606658967301,"file_url":"https://greasyfork.org/scripts/26526-nogoogleredirect/code/noGoogleRedirect.user.js"}}