{"options":{"check_for_updates":true,"comment":null,"compatopts_for_requires":true,"compat_wrappedjsobject":false,"compat_metadata":false,"compat_foreach":false,"compat_arrayleft":false,"compat_uW_gmonkey":false,"compat_forvarin":false,"noframes":null,"awareOfChrome":false,"run_at":null,"override":{"use_includes":[],"orig_includes":["http://google.*/search*","https://google.*/search*","http://www.google.*/search*","https://www.google.*/search*","http://www.google.*/webhp*","https://www.google.*/webhp*"],"merge_includes":true,"use_matches":[],"orig_matches":[],"merge_matches":true,"use_excludes":[],"orig_excludes":[],"merge_excludes":true,"use_connects":[],"merge_connects":true,"use_blockers":[],"orig_run_at":"document-idle","orig_noframes":null,"orig_connects":[]}},"settings":{"enabled":false,"position":48},"meta":{"name":"Remove Google Results Redirect","uuid":"2e38db52-ce3f-4cb1-8038-e12c30135aad","modified":1606659004275,"file_url":"https://greasyfork.org/scripts/5357-remove-google-results-redirect/code/Remove%20Google%20Results%20Redirect.user.js"}}