{"options":{"check_for_updates":true,"comment":null,"compatopts_for_requires":true,"compat_wrappedjsobject":false,"compat_metadata":false,"compat_foreach":false,"compat_arrayleft":false,"compat_uW_gmonkey":false,"compat_forvarin":false,"noframes":null,"awareOfChrome":false,"run_at":null,"override":{"use_includes":[],"orig_includes":[],"merge_includes":true,"use_matches":[],"orig_matches":["https://allegro.pl/kategoria/*"],"merge_matches":true,"use_excludes":[],"orig_excludes":[],"merge_excludes":true,"use_connects":[],"merge_connects":true,"use_blockers":[],"orig_run_at":"document-idle","orig_noframes":null,"orig_connects":[]}},"settings":{"enabled":true,"position":38},"meta":{"name":"Allegro - \"Wystawione w ciągu\"","uuid":"ac7e79a8-caee-4b47-a313-0f79772f423a","modified":1606657923875,"file_url":"https://greasyfork.org/scripts/37523-allegro-wystawione-w-ci%C4%85gu/code/Allegro%20-%20%22Wystawione%20w%20ci%C4%85gu%22.user.js"}}