{"options":{"check_for_updates":true,"comment":null,"compatopts_for_requires":true,"compat_wrappedjsobject":false,"compat_metadata":false,"compat_foreach":false,"compat_arrayleft":false,"compat_uW_gmonkey":false,"compat_forvarin":false,"noframes":null,"awareOfChrome":false,"run_at":null,"override":{"use_includes":[],"orig_includes":[],"merge_includes":true,"use_matches":[],"orig_matches":["https://mail.google.com/*"],"merge_matches":true,"use_excludes":[],"orig_excludes":[],"merge_excludes":true,"use_connects":[],"merge_connects":true,"use_blockers":[],"orig_run_at":"document-start","orig_noframes":null,"orig_connects":[]}},"settings":{"enabled":true,"position":41},"meta":{"name":"GMail hide Hangouts Meet","uuid":"db70039c-6d9f-4bdd-af2e-e8ae0c750ae9","modified":1606658254181,"file_url":"https://gist.github.com/markmont/30a96c69d0ddfd7b6f4c45aae82a845b/raw/9d8a11ad96e04b207cd1fdcc250b69c4d0751efa/gmail-hide-hangouts.user.js"}}