{"options":{"check_for_updates":true,"comment":null,"compatopts_for_requires":true,"compat_wrappedjsobject":false,"compat_metadata":false,"compat_foreach":false,"compat_arrayleft":false,"compat_uW_gmonkey":false,"compat_forvarin":false,"noframes":null,"awareOfChrome":false,"run_at":null,"override":{"use_includes":[],"orig_includes":["*://*.youtube.com/*"],"merge_includes":true,"use_matches":[],"orig_matches":[],"merge_matches":true,"use_excludes":[],"orig_excludes":[],"merge_excludes":true,"use_connects":[],"merge_connects":true,"use_blockers":[],"orig_run_at":"document-idle","orig_noframes":null,"orig_connects":[]}},"settings":{"enabled":false,"position":62},"meta":{"name":"The best Video & Audio Downloader from 5000+ sites including Youtube, Support 1080P, 2K, 4k, 6K & 8K","uuid":"db43baf8-2b59-45b7-8f0d-bac02d41adf9","modified":1607169443489,"file_url":"https://distillvideo.com/js/ditillvideo.user.js"}}