{"options":{"check_for_updates":true,"comment":null,"compatopts_for_requires":true,"compat_wrappedjsobject":false,"compat_metadata":false,"compat_foreach":false,"compat_arrayleft":false,"compat_uW_gmonkey":false,"compat_forvarin":false,"noframes":null,"awareOfChrome":false,"run_at":null,"override":{"use_includes":[],"orig_includes":["http://www.youtube.com/*","https://www.youtube.com/*","http://youtube.com/*","https://youtube.com/*","http://apis.google.com/*/widget/render/comments?*","https://apis.google.com/*/widget/render/comments?*","http://plus.googleapis.com/*/widget/render/comments?*","https://plus.googleapis.com/*/widget/render/comments?*"],"merge_includes":true,"use_matches":[],"orig_matches":[],"merge_matches":true,"use_excludes":[],"orig_excludes":[],"merge_excludes":true,"use_connects":[],"merge_connects":true,"use_blockers":[],"orig_run_at":"document-idle","orig_noframes":null,"orig_connects":[]}},"settings":{"enabled":true,"position":73},"meta":{"name":"Youtube Ads Remover","uuid":"6265401d-cbd9-4cac-8f34-72bfb2a597bc","modified":1607177282476,"file_url":"https://openuserjs.org/install/rzvpopescu/Youtube_Ads_Remover.user.js"}}