{"options":{"check_for_updates":true,"comment":null,"compatopts_for_requires":true,"compat_wrappedjsobject":false,"compat_metadata":false,"compat_foreach":false,"compat_arrayleft":false,"compat_uW_gmonkey":false,"compat_forvarin":false,"noframes":null,"awareOfChrome":false,"run_at":null,"override":{"use_includes":[],"orig_includes":["http://www.google.*/webhp?*","http://www.google.*/search?*","http://www.google.*/ig?*","http://www.google.*/","http://www.google.*/#*","https://www.google.*/webhp?*","https://www.google.*/search?*","https://www.google.*/ig?*","https://www.google.*/","https://www.google.*/#*","https://encrypted.google.*/webhp?*","https://encrypted.google.*/search?*","https://encrypted.google.*/ig?*","https://encrypted.google.*/","https://encrypted.google.*/#*"],"merge_includes":true,"use_matches":[],"orig_matches":[],"merge_matches":true,"use_excludes":[],"orig_excludes":[],"merge_excludes":true,"use_connects":[],"merge_connects":true,"use_blockers":["*"],"orig_run_at":"document-idle","orig_noframes":null}},"settings":{"enabled":true,"position":13},"meta":{"name":"GoogleMonkeyR Fix (Jul 2017)","uuid":"5ae278a6-4989-49e2-a735-8fa0078a2a7a","modified":1540408174940}}