{"options":{"check_for_updates":true,"comment":null,"compatopts_for_requires":true,"compat_wrappedjsobject":false,"compat_metadata":false,"compat_foreach":false,"compat_arrayleft":false,"compat_uW_gmonkey":false,"compat_forvarin":false,"noframes":null,"awareOfChrome":false,"run_at":null,"override":{"use_includes":[],"orig_includes":["http://google.*/search*","https://google.*/search*","http://www.google.*/search*","https://www.google.*/search*","http://www.google.*/webhp*","https://www.google.*/webhp*"],"merge_includes":true,"use_matches":[],"orig_matches":[],"merge_matches":true,"use_excludes":[],"orig_excludes":[],"merge_excludes":true,"use_connects":[],"merge_connects":true,"use_blockers":[],"orig_run_at":"document-idle","orig_noframes":null}},"settings":{"enabled":false,"position":4},"meta":{"name":"Remove Google Results Redirect","uuid":"b8dd423f-0543-44ce-9838-5f015b0a5a64","modified":1540408174836}}