{"options":{"check_for_updates":true,"comment":null,"compatopts_for_requires":true,"compat_wrappedjsobject":false,"compat_metadata":false,"compat_foreach":false,"compat_arrayleft":false,"compat_uW_gmonkey":false,"compat_forvarin":false,"noframes":null,"awareOfChrome":false,"run_at":null,"override":{"use_includes":[],"orig_includes":["https://mail.google.com/mail/*"],"merge_includes":true,"use_matches":[],"orig_matches":[],"merge_matches":true,"use_excludes":[],"orig_excludes":[],"merge_excludes":true,"use_connects":[],"merge_connects":true,"use_blockers":[],"orig_run_at":"document-idle","orig_noframes":null}},"settings":{"enabled":true,"position":32},"meta":{"name":"Gmail - show full date and time in mail list","uuid":"62fea95a-2b97-4d18-a33a-f5f1927dbcdc","modified":1606657330159,"file_url":"https://greasyfork.org/scripts/26848-gmail-show-full-date-and-time-in-mail-list/code/Gmail%20-%20show%20full%20date%20and%20time%20in%20mail%20list.user.js"}}