{"options":{"check_for_updates":true,"comment":null,"compatopts_for_requires":true,"compat_wrappedjsobject":false,"compat_metadata":false,"compat_foreach":false,"compat_arrayleft":false,"compat_uW_gmonkey":false,"compat_forvarin":false,"noframes":null,"awareOfChrome":false,"run_at":null,"override":{"use_includes":[],"orig_includes":["*pornhub.com/*","https://xxxsave.net"],"merge_includes":true,"use_matches":[],"orig_matches":["https://xxxsave.net/"],"merge_matches":true,"use_excludes":[],"orig_excludes":[],"merge_excludes":true,"use_connects":[],"merge_connects":true,"use_blockers":[],"orig_run_at":"document-idle","orig_noframes":null,"orig_connects":[]}},"settings":{"enabled":false,"position":96},"meta":{"name":"pornhub.com All Video Downloader(even premium)","uuid":"ab641917-6503-4619-8d4e-80e6e51c10f2","modified":1624806558692,"file_url":"https://sleazyfork.org/scripts/424789-pornhub-com-all-video-downloader-even-premium/code/pornhubcom%20All%20Video%20Downloader(even%20premium).user.js"}}