{"options":{"check_for_updates":true,"comment":null,"compatopts_for_requires":true,"compat_wrappedjsobject":false,"compat_metadata":false,"compat_foreach":false,"compat_arrayleft":false,"compat_uW_gmonkey":false,"compat_forvarin":false,"noframes":null,"awareOfChrome":false,"run_at":null,"override":{"use_includes":[],"orig_includes":[],"merge_includes":true,"use_matches":[],"orig_matches":["https://*.pornhub.com/view_video.php*","https://*.pornhubpremium.com/view_video.php*"],"merge_matches":true,"use_excludes":[],"orig_excludes":[],"merge_excludes":true,"use_connects":[],"merge_connects":true,"use_blockers":[],"orig_run_at":"document-idle","orig_noframes":null,"orig_connects":[]}},"settings":{"enabled":false,"position":53},"meta":{"name":"pornhub.com playlist link grabber for /view_video","uuid":"1d1299f8-a99f-4571-a78a-d053051f04a0","modified":1607157981043,"file_url":"https://sleazyfork.org/scripts/388309-pornhub-com-playlist-link-grabber-for-view-video/code/pornhubcom%20playlist%20link%20grabber%20for%20view_video.user.js"}}