{"options":{"check_for_updates":true,"comment":null,"compatopts_for_requires":true,"compat_wrappedjsobject":false,"compat_metadata":false,"compat_foreach":false,"compat_arrayleft":false,"compat_uW_gmonkey":false,"compat_forvarin":false,"noframes":null,"awareOfChrome":false,"run_at":null,"override":{"use_includes":[],"orig_includes":[],"merge_includes":true,"use_matches":[],"orig_matches":["*://*.abczdrowie.pl/*","*://*.allani.pl/*","*://*.autokrata.pl/*","*://*.autokult.pl/*","*://*.biztok.pl/*","*://*.www.dobreprogramy.pl/*","*://*.dzieci.pl/*","*://*.easygo.pl/*","*://*.echirurgia.pl/*","*://*.fotoblogia.pl/*","*://*.gadzetomania.pl/*","*://*.hotmoney.pl/*","*://*.interaktywnie.com/*","*://*.inwestycje.pl/*","*://*.jejswiat.pl/*","*://*.kafeteria.pl/*","*://*.kafeteria.tv/*","*://*.kantory.pl/*","*://*.kazimierzdolny.pl/*","*://*.komediowo.pl/*","*://*.komorkomania.pl/*","*://*.mazury.com/*","*://*.mojeauto.pl/*","*://*.mojeosiedle.pl/*","*://*.nasygnale.pl/*","*://*.niewiarygodne.pl/*","*://*.nocowanie.pl/*","*://*.o2.pl/*","*://*.odkrywcy.pl/*","*://*.open.fm/*","*://*.parenting.pl/*","*://*.pudelek.pl/*","*://*.pudelek.tv/*","*://*.pytamy.pl/*","*://*.sfora.pl/*","*://*.snobka.pl/*","*://*.tlen.pl/*","*://*.totalmoney.pl/*","*://*.wakacje.pl/*","*://*.wawalove.pl/*","*://*.wp.tv/*","*://*.wp.pl/*"],"merge_matches":true,"use_excludes":[],"orig_excludes":[],"merge_excludes":true,"use_connects":[],"merge_connects":true,"use_blockers":[],"orig_run_at":"document-start","orig_noframes":null,"orig_connects":[]}},"settings":{"enabled":true,"position":88},"meta":{"name":"Reklamy WP","uuid":"cfeb11dc-f490-4db0-86b4-3682c60fa9d4","modified":1624396297160,"file_url":"https://raw.githubusercontent.com/MajkiIT/polish-ads-filter/master/polish-adblock-filters/polish_ads_wp.user.js"}}