{"options":{"check_for_updates":true,"comment":null,"compatopts_for_requires":true,"compat_wrappedjsobject":false,"compat_metadata":false,"compat_foreach":false,"compat_arrayleft":false,"compat_uW_gmonkey":false,"compat_forvarin":false,"noframes":null,"awareOfChrome":false,"run_at":null,"override":{"use_includes":[],"orig_includes":[],"merge_includes":true,"use_matches":[],"orig_matches":["https://mail.google.com/mail/*","https://outlook.live.com/*"],"merge_matches":true,"use_excludes":[],"orig_excludes":[],"merge_excludes":true,"use_connects":[],"merge_connects":true,"use_blockers":[],"orig_run_at":"document-idle","orig_noframes":null}},"settings":{"enabled":true,"position":31},"meta":{"name":"Remove Gmail and Outlook Ads","uuid":"751aab8f-a694-431c-8241-bee1953780f3","modified":1606657323311,"file_url":"https://greasyfork.org/scripts/4806-remove-gmail-and-outlook-ads/code/Remove%20Gmail%20and%20Outlook%20Ads.user.js"}}