{"options":{"check_for_updates":true,"comment":null,"compatopts_for_requires":true,"compat_wrappedjsobject":false,"compat_metadata":false,"compat_foreach":false,"compat_arrayleft":false,"compat_uW_gmonkey":false,"compat_forvarin":false,"noframes":null,"awareOfChrome":false,"run_at":null,"override":{"use_includes":[],"orig_includes":[],"merge_includes":true,"use_matches":[],"orig_matches":["*://*.youtube.com/*"],"merge_matches":true,"use_excludes":[],"orig_excludes":[],"merge_excludes":true,"use_connects":[],"merge_connects":true,"use_blockers":[],"orig_run_at":"document-start","orig_noframes":null,"orig_connects":[]}},"settings":{"enabled":false,"position":64},"meta":{"name":"Youtube Ad Cleaner(Include Non-Skippable Ads- works)","uuid":"a864599e-45bc-4ec6-946e-4ba217ab7565","modified":1607169700203,"file_url":"https://greasyfork.org/scripts/386925-youtube-ad-cleaner-include-non-skippable-ads-works/code/Youtube%20Ad%20Cleaner(Include%20Non-Skippable%20Ads-%20works).user.js"}}