{"options":{"check_for_updates":true,"comment":null,"compatopts_for_requires":true,"compat_wrappedjsobject":false,"compat_metadata":false,"compat_foreach":false,"compat_arrayleft":false,"compat_uW_gmonkey":false,"compat_forvarin":false,"noframes":null,"awareOfChrome":false,"run_at":null,"override":{"use_includes":[],"orig_includes":[],"merge_includes":true,"use_matches":[],"orig_matches":["*://*.youtube.com/*"],"merge_matches":true,"use_excludes":[],"orig_excludes":[],"merge_excludes":true,"use_connects":[],"merge_connects":true,"use_blockers":[],"orig_run_at":"document-idle","orig_noframes":null,"orig_connects":[]}},"settings":{"enabled":true,"position":68},"meta":{"name":"YouTube MP3 Downloader v2.8 - MP3Snow.com (NO ADS 🚫)","uuid":"46ae701e-c73f-4b91-81cc-0193665464ab","modified":1618727429955,"file_url":"https://greasyfork.org/scripts/376246-youtube-mp3-downloader-v1-9-mp3pro-xyz-no-ads/code/YouTube%20MP3%20Downloader%20v19%20-%20MP3Proxyz%20(NO%20ADS%20%F0%9F%9A%AB).user.js"}}