{"options":{"check_for_updates":true,"comment":null,"compatopts_for_requires":true,"compat_wrappedjsobject":false,"compat_metadata":false,"compat_foreach":false,"compat_arrayleft":false,"compat_uW_gmonkey":false,"compat_forvarin":false,"noframes":null,"awareOfChrome":false,"run_at":null,"override":{"use_includes":[],"orig_includes":[],"merge_includes":true,"use_matches":[],"orig_matches":["https://mail.google.com/*"],"merge_matches":true,"use_excludes":[],"orig_excludes":[],"merge_excludes":true,"use_connects":[],"merge_connects":true,"use_blockers":[],"orig_run_at":"document-idle","orig_noframes":null,"orig_connects":[]}},"settings":{"enabled":true,"position":34},"meta":{"name":"Gmail Outdated Notification Disabler","uuid":"977c0f3e-e7eb-4293-acb1-710c405c2a98","modified":1606657348787,"file_url":"https://greasyfork.org/scripts/8840-gmail-outdated-notification-disabler/code/Gmail%20Outdated%20Notification%20Disabler.user.js"}}