{"options":{"check_for_updates":true,"comment":null,"compatopts_for_requires":true,"compat_wrappedjsobject":false,"compat_metadata":false,"compat_foreach":false,"compat_arrayleft":false,"compat_uW_gmonkey":false,"compat_forvarin":false,"noframes":null,"awareOfChrome":false,"run_at":null,"override":{"use_includes":[],"orig_includes":["*://*.datafilehost.com/*","*://datafilehost.com/*","*://anondrive.com/*","*://forumfiles.com/*","*://fileleaks.com/*","*://anondrive.com/*","*://*.xvideos.red/*","*://*.youtube.com/*","*://uplovd.com/*","*://*.free.fr/*","*://gounlimited.to/*","*://dood.to/*","*://mixdrop.co/*","*://*.onion/*","*://bayfiles.com/*","*://anonfile.com/*","*://anonfiles.com/*","*://github.io/*","*://*.megaupload.com/*","*://*.solidfiles.com/*","*://1fichier.com/*","*://*.1fichier.com/*","*://*.megaupload.is/*","*://theporndude.com/*","*://*.google*.com/*","*://*.google*.com/*","*://greasyfork.org/*","*://sleazyfork.org/*","*://openuserjs.org/*","*://*.analdin.com/*","*://*.xozilla.com/*","*://*.porntrex.com/*","*://*.thisav.com/*","*://*.lfj.io/*","*://lfj.io/*","*://*.tube8.com/*","*://*.xtube.com/*","*://*.pornhub.com/*","*://*.pornhubpremium.com/*","*://de.pornhubpremium.com/*","*://fr.pornhubpremium.com/*","*://*.hoakhuya.com/*","*://es.pornhubpremium.com/*","*://it.pornhubpremium.com/*","*://pt.pornhubpremium.com/*","*://pl.pornhubpremium.com/*","*://rt.pornhubpremium.com/*","*://jp.pornhubpremium.com/*","*://nl.pornhubpremium.com/*","*://cz.pornhubpremium.com/*","*://cn.pornhubpremium.com/*","*://de.pornhub.com/*","*://*.phncdn.com/*","*://*.t8cdn.com/*","*://fr.pornhub.com/*","*://es.pornhub.com/*","*://it.pornhub.com/*","*://pt.pornhub.com/*","*://pl.pornhub.com/*","*://rt.pornhub.com/*","*://jp.pornhub.com/*","*://nl.pornhub.com/*","*://cz.pornhub.com/*","*://*.modelhub.com/*","*://cn.pornhub.com/*","*://*.xvideos.com/*","*://xhamster.com/*","*://4horlover.com/*","*://*.pornhub.es/*","*://*.xnxx.com/*","*://xhamster.one/*","*://xhamster.desi/*","*://*.pornhub.xxx/*","*://*.pornhub.net/*","*://*.poontown.net/*","*://rrq53.com/*","*://*.rrq53.com/*","*://aet38.com/*","*://*.aet38.com/*","*://*.nhh57.com/*","*://*.xvideos.xxx/*","*://*.xvideos.net/*","*://*.xvideos-cdn.com/*","*://*.xvideos.es/*","*://*.xnxx.es/*","*://*.ahcdn.com/*","*://*.phprcdn.com/*","*://xhamster1.desi/*","*://xhamster2.com/*","*://xhamster7.com/*","*://xhamster8.com/*","*://xhamster9.com/*","*://xhamster10.com/*","*://xhamster11.com/*","*://xhamster12.com/*","*://xhamster13.com/*","*://xhamster14.com/*","*://xhamster15.com/*","*://xhamster17.com/*","*://xhamster18.com/*","*://xhamster19.com/*","*://xhamster20.com/*","*://xhamster20.com/*","*://ouo.io/*","*://*.xnxx-cdn.com/*","*://ouo.press/*","*://cluster.awmserve.com/*","*://thewolds.github.io/*","*://mewatch.github.io/*","*://github.com/thewolds/*","*://github.com/mewatch/*"],"merge_includes":true,"use_matches":[],"orig_matches":[],"merge_matches":true,"use_excludes":[],"orig_excludes":[],"merge_excludes":true,"use_connects":[],"merge_connects":true,"use_blockers":[],"orig_run_at":"document-body","orig_noframes":true,"orig_connects":["analdin.com","xozilla.com","porntrex.com","thisav.com","tube8.com","xtube.com","hoakhuya.com","lfj.io","pornhubpremium.com","pornhub.com","pornhub.es","phncdn.com","t8cdn.com","xvideos.com","xhamster.com","4horlover.com","xnxx.com","xhamster.one","gounlimited.to","dood.to","allanalpass.com","poontown.net","xhamster.desi","xvideos.red","universal-bypass.org","pornhub.xxx","pornhub.net","modelhub.com","xvideos.xxx","xvideos.net","xvideos-cdn.com","xvideos.es","xnxx.es","ahcdn.com","phprcdn.com","xhamster1.desi","xhamster2.com","github.io","xhamster7.com","histats.com","adf.ly","j.gs","xhamster8.com","xhamster9.com","xhamster10.com","xhamster11.com","xhamster12.com","xhamster13.com","xhamster14.com","xhamster15.com","xhamster17.com","xhamster18.com","nhh57.com","aet38.com","taraa.xyz","adult.xyz","youtube.com","weibo.com","weibo.cn","rrq53.com","mixdrop.co","xhamster19.com","xhamster20.com","ouo.io","xnxx-cdn.com","facebook.com","ouo.press","cluster.awmserve.com","github.com","githubusercontent.com","googleapis.com","jsdelivr.net","googletagmanager.com","google-analytics.com","www.google-analytics.com","www.google.com","fingerprintjs.com","doubleclick.net","stats.g.doubleclick.net","megaupload.is","1fichier.com","solidfiles.com","megaupload.com","anonfile.com","bayfiles.com","free.fr","datafilehost.com"]}},"settings":{"enabled":true,"position":17},"meta":{"name":"Limitless Freedom","uuid":"a982618a-bbcc-4d1d-9462-3e2e08f9ede0","modified":1605959167043,"file_url":"https://sleazyfork.org/scripts/414663-limitless-freedom/code/Limitless%20Freedom.user.js"}}