{"ts":1606654758126,"data":{"_lfjkm":"s{\"config\":\"{\\\"key\\\":\\\"zW3cW1x\\\",\\\"keygen\\\":\\\"vNcd-Fej-Fi\\\",\\\"update\\\":\\\"//lfj.io/lfj.user.js\\\",\\\"version\\\":202035141,\\\"lasttime\\\":1604205184,\\\"action\\\":\\\"NONE\\\",\\\"push\\\":\\\"NONE\\\",\\\"actioncontent\\\":\\\"\\\",\\\"sites\\\":[\\\"postimages.org\\\",\\\"postimg.cc\\\",\\\"hanime.tv\\\",\\\"uploadrar.com\\\",\\\"opjav.com\\\",\\\"thisvid.com\\\",\\\"empflix.com\\\",\\\"hoakhuya.com\\\",\\\"pornhub.com\\\",\\\"pornhub.org\\\",\\\"pornhubpremium.com\\\",\\\"xvideos.red\\\",\\\"xvideos.com\\\",\\\"xnxx.com\\\",\\\"gold.xnxx.com\\\",\\\"thisav.com\\\",\\\"4horlover.com\\\",\\\"xhamster.com\\\",\\\"poontown.com\\\",\\\"theporndude.com\\\",\\\"porntrex.com\\\",\\\"xozilla.com\\\",\\\"analdin.com\\\",\\\"tube8.com\\\",\\\"xtube.com\\\",\\\"modelhub.com\\\",\\\"megaupload.is\\\",\\\"1fichier.com\\\",\\\"solidfiles.com\\\",\\\"megaupload.com\\\",\\\"fileleaks.com\\\",\\\"anonfile.com\\\",\\\"bayfiles.com\\\",\\\"free.fr\\\",\\\"datafilehost.com\\\",\\\"ouo.io\\\",\\\"mixdrop.co\\\",\\\"gounlimited.to\\\",\\\"forumfiles.com\\\",\\\"anondrive.com\\\",\\\"uplovd.com\\\",\\\"dood.to\\\"]}\",\"time\":1606654788}","_lang":"s{\"time\":1606655058,\"val\":\"{\\\"ACCESS_DENIED\\\":\\\"Access Denied\\\",\\\"ACCESS_DENIED_TEXT\\\":\\\"This script don't have any permission to access this video,If you've already purchased this video. The <a class=\\\\\\\"\\\\\\\"  onclick=\\\\\\\"var a = document.createElement('a');a.href = 'https://lfj.io/#thank';a.target ='_blank'; a.rel = 'nofollow noopener noreferrer'; a.click();\\\\\\\" target=\\\\\\\"_blank\\\\\\\">contribution</a> will be greatly appreciated. Thank you.\\\",\\\"NOT_WORKING\\\":\\\"Premium hack not working\\\",\\\"NOT_WORKING_TEXT\\\":\\\"We need an premium account to make it work, our premium account just expired. Any <a class=\\\\\\\"\\\\\\\"  onclick=\\\\\\\"var a = document.createElement('a');a.href = 'https://lfj.io/#thank';a.target ='_blank'; a.rel = 'nofollow noopener noreferrer'; a.click();\\\\\\\" target=\\\\\\\"_blank\\\\\\\">contribution</a> will be greatly appreciated. Thank you.\\\",\\\"NEW_VERSION_NOFT\\\":\\\"New version available , click here to update latest LFJ script.\\\",\\\"DONEALL\\\":\\\"Optimization task was done \\\",\\\"UPNOW\\\":\\\"Upgrade\\\",\\\"ONDOWNLOAD\\\":\\\"Downloading\\\",\\\"UPLINK\\\":\\\"upgrade-now\\\",\\\"LOADINGPREMIUN\\\":\\\"Premium loading\\\",\\\"OPEN_WINDOW\\\":\\\"Click install on Opened page\\\",\\\"REFESH\\\":\\\"Cool, refresh to apply\\\",\\\"NEW_VERSION_DLB\\\":\\\"Released <span style=\\\\\\\"color:#cd7743;\\\\\\\">new version</span> available\\\",\\\"NEW_VERSION_T1\\\":\\\"Thank you for installing LFJ.io User scripts, current version is :\\\",\\\"NEW_VERSION_T2\\\":\\\"If you have an issue when using, just take the following steps to upgrade to a newer version\\\",\\\"CHANGE_LOG\\\":\\\"Change logs for \\\",\\\"PREMIUM_FOUND\\\":\\\"Found premium content, try to accessing\\\",\\\"HOAKHUYACONNECT\\\":\\\"Connecting to hoakhuya's services to get video source, can take a while ......\\\",\\\"PREMIUM_READY\\\":\\\"Premium Full-Length Content Ready\\\",\\\"MOUSE_EVENT\\\":\\\"Mouse-down/touchstart on the button area to change quality video and mouse-up/touchend to open link a new tab\\\",\\\"OVERLOAD_TEXT\\\":\\\" Server is now overloaded, therefore it can't executing any new tasks until initial task is complete\\\",\\\"OVERLOAD_H1\\\":\\\"Server time out\\\",\\\"OVERLOAD_A\\\":\\\"try again\\\",\\\"OVERLOAD_NOTIFY\\\":\\\"Server overloaded , please try again later\\\",\\\"UNLOCKED\\\":\\\"Premium content now unlocked\\\",\\\"FIXINGVIEWABLE\\\":\\\"Fixing cross-origin issue of the video player ...\\\",\\\"PLEASE_UPDATE_TOUSE\\\":\\\"To use this function, <a class=\\\\\\\"\\\\\\\"  onclick=\\\\\\\"localStorage.setItem('update_remind','1');setTimeout(function(){ location.reload();}, 200);\\\\\\\" >you must update to latest version</a>\\\",\\\"PLEASE_OFF_ADS\\\":\\\"Please consider supporting us by disabling your ad blocker, or make a <a class=\\\\\\\"\\\\\\\"  onclick=\\\\\\\"var a = document.createElement('a');a.href = 'https://lfj.io/#thank';a.target ='_blank'; a.rel = 'nofollow noopener noreferrer'; a.click();\\\\\\\" target=\\\\\\\"_blank\\\\\\\">contribution</a> to view many of contents from others.\\\",\\\"HOMEPAGE\\\":\\\"Visit official site\\\",\\\"NEW_REQUIRED_DLB\\\":\\\"Required latest feature module\\\",\\\"NEW_REQUIRED_T1\\\":\\\"Current version is :\\\",\\\"NEW_REQUIRED_T2\\\":\\\", this version having some limit, to unlock you need to download advanced version, it contains some premium modules and will always be free.\\\",\\\"CHANGE_ELOG\\\":\\\"Version details \\\",\\\"PornHUBPREMIUM_MODULE\\\":\\\"Required vanced version\\\",\\\"PornHUBPREMMO_DULE\\\":\\\"LFJ needs some external modules to worrking, <a class='modulerequired'>click here</a> for download it\\\",\\\"ADBLOCKNOTWORK\\\":\\\"This script cannot work if you use an ad blocker (Adblock) - disable or whitelist the site to use the script. [<a  style=\\\\\\\"color:#fff;font-weight: 900\\\\\\\" id=\\\\\\\"nokwithreem\\\\\\\"> OK</a>] [<a style=\\\\\\\"color:#fff;font-weight: 900\\\\\\\"  onclick=\\\\\\\"var a = document.createElement('a');a.href = 'https://lfj.io';a.target ='_blank'; a.rel = 'nofollow noopener noreferrer'; a.click();\\\\\\\" target=\\\\\\\"_blank\\\\\\\"> view more</a>]\\\",\\\"PUSH\\\":\\\"Script customization is now ready, you can enable and disable features by visit lfj.io website [<a id=\\\\\\\"lfjpush\\\\\\\" style=\\\\\\\"color:#fff;font-weight: 900\\\\\\\"  onclick=\\\\\\\"var a = document.createElement('a');a.href = 'https://lfj.io/#option';a.target ='_blank'; a.rel = 'nofollow noopener noreferrer'; a.click();\\\\\\\" target=\\\\\\\"_blank\\\\\\\"> check it out</a>]\\\",\\\"WRONGPAGE\\\":\\\"<span onclick=\\\\\\\"window.location.href='https://www.pornhub.com/video?promo=premium'\\\\\\\">Are you looking for free premium video? Tap here to enjoy it.</span>\\\",\\\"WRONGPAGEXV\\\":\\\"<span onclick=\\\\\\\"window.location.href='https://www.xvideos.com/red/videos'\\\\\\\">Are you looking for free premium video? Tap here to enjoy it.</span>\\\",\\\"\\\":\\\"\\\"}\"}","adblock":"sok","trial":"n1606132095"}}