{"options":{"check_for_updates":true,"comment":null,"compatopts_for_requires":true,"compat_wrappedjsobject":false,"compat_metadata":false,"compat_foreach":false,"compat_arrayleft":false,"compat_uW_gmonkey":false,"compat_forvarin":false,"noframes":null,"awareOfChrome":false,"run_at":null,"override":{"use_includes":[],"orig_includes":["https://vine.co/v/*/embed/simple","https://gfycat.com/iframe/*","http*://*.neogaf.com/threads/*","http*://*.resetera.com/threads/*"],"merge_includes":true,"use_matches":[],"orig_matches":["https://vine.co/v/*/embed/simple","https://gfycat.com/iframe/*","*://*.neogaf.com/threads/*","*://*.resetera.com/threads/*"],"merge_matches":true,"use_excludes":[],"orig_excludes":[],"merge_excludes":true,"use_connects":[],"merge_connects":true,"use_blockers":[],"orig_run_at":"document-end","orig_noframes":null,"orig_connects":[]}},"settings":{"enabled":true,"position":26},"meta":{"name":"YouTube Me Again!","uuid":"fb8ceac0-743c-4635-a4c0-6eff4ffc41dc","modified":1606523291670,"file_url":"https://greasyfork.org/scripts/1023-youtube-me-again/code/YouTube%20Me%20Again!.user.js"}}