{"options":{"check_for_updates":true,"comment":null,"compatopts_for_requires":true,"compat_wrappedjsobject":false,"compat_metadata":false,"compat_foreach":false,"compat_arrayleft":false,"compat_uW_gmonkey":false,"compat_forvarin":false,"noframes":null,"awareOfChrome":false,"run_at":null,"override":{"use_includes":[],"orig_includes":["*://google.*","*://www.google.*","*://encrypted.google.*"],"merge_includes":true,"use_matches":[],"orig_matches":["*://yandex.ru/*","*://yandex.ua/*","*://yandex.by/*","*://yandex.kz/*","*://yandex.com.tr/*","*://yandex.com/*","*://*.yandex.ru/*","*://*.yandex.ua/*","*://*.yandex.by/*","*://*.yandex.kz/*","*://*.yandex.com.tr/*","*://*.yandex.com/*","*://youtube.com/*","*://*.youtube.com/*","*://wikimapia.org/*","*://deviantart.com/*","*://*.deviantart.com/*","*://joyreactor.cc/*","*://*.joyreactor.cc/*","*://reactor.cc/*","*://*.reactor.cc/*","*://joyreactor.com/*","*://*.joyreactor.com/*","*://vk.com/*","*://*.vk.com/*","*://ok.ru/*","*://*.ok.ru/*","*://steamcommunity.com/*","*://*.steamcommunity.com/*","*://facebook.com/*","*://*.facebook.com/*","*://twitter.com/*","*://*.twitter.com/*","*://4pda.ru/*","*://*.4pda.ru/*","*://kat.cr/*","*://kickassto.co/*","*://katproxy.is/*","*://thekat.tv/*","*://*.kat.cr/*","*://*.kickassto.co/*","*://*.katproxy.is/*","*://*.thekat.tv/*","*://addons.mozilla.org/*","*://pixiv.net/*","*://*.pixiv.net/*","*://tumblr.com/*","*://*.tumblr.com/*","*://danieldefo.ru/*","*://*.danieldefo.ru/*","*://yaplakal.com/*","*://*.yaplakal.com/*","*://soundcloud.com/*","*://*.soundcloud.com/*","*://upwork.com/*","*://*.upwork.com/*","*://picarto.tv/*","*://*.picarto.tv/*","*://taker.im/*","*://*.taker.im/*","*://*.forumavia.ru/*","*://*.slack.com/*","*://instagram.com/*","*://*.instagram.com/*"],"merge_matches":true,"use_excludes":[],"orig_excludes":[],"merge_excludes":true,"use_connects":[],"merge_connects":true,"use_blockers":[],"orig_run_at":"document-idle","orig_noframes":null}},"settings":{"enabled":true,"position":8},"meta":{"name":"Direct links out","uuid":"124e9ac6-77a1-4d2d-ba40-281d2181b423","modified":1540408174900,"file_url":"https://openuserjs.org/install/nokeya/Direct_links_out.user.js"}}