{"options":{"check_for_updates":true,"comment":null,"compatopts_for_requires":true,"compat_wrappedjsobject":false,"compat_metadata":false,"compat_foreach":false,"compat_arrayleft":false,"compat_uW_gmonkey":false,"compat_forvarin":false,"noframes":null,"awareOfChrome":false,"run_at":null,"override":{"use_includes":[],"orig_includes":["https://mail.google.com/mail/*"],"merge_includes":true,"use_matches":[],"orig_matches":[],"merge_matches":true,"use_excludes":[],"orig_excludes":[],"merge_excludes":true,"use_connects":[],"merge_connects":true,"use_blockers":[],"orig_run_at":"document-idle","orig_noframes":null}},"settings":{"enabled":true,"position":42},"meta":{"name":"GmailのMeet/Chat非表示化","uuid":"03a51248-b673-4182-bc80-fab25a21b762","modified":1606658306713,"file_url":"https://gist.github.com/m4saka/e6fa6991c3c188d6d784f8d33d0c574a/raw/3a36b1c1d4389139c5bdfe5d07df2c5a8d4af441/hide_gmail_meet_and_chat.user.js"}}