{"options":{"check_for_updates":true,"comment":null,"compatopts_for_requires":true,"compat_wrappedjsobject":false,"compat_metadata":false,"compat_foreach":false,"compat_arrayleft":false,"compat_uW_gmonkey":false,"compat_forvarin":false,"noframes":null,"awareOfChrome":false,"run_at":null,"override":{"use_includes":[],"orig_includes":[],"merge_includes":true,"use_matches":[],"orig_matches":["https://mail.google.com/mail/u/1/"],"merge_matches":true,"use_excludes":[],"orig_excludes":[],"merge_excludes":true,"use_connects":[],"merge_connects":true,"use_blockers":[],"orig_run_at":"document-idle","orig_noframes":null}},"settings":{"enabled":true,"position":33},"meta":{"name":"Gmail Ad Blocker","uuid":"ffd37e8b-875f-47eb-bce0-9042ace158b1","modified":1606657343223,"file_url":"https://greasyfork.org/scripts/416410-gmail-ad-blocker/code/Gmail%20Ad%20Blocker.user.js"}}