{"options":{"check_for_updates":true,"comment":null,"compatopts_for_requires":true,"compat_wrappedjsobject":false,"compat_metadata":false,"compat_foreach":false,"compat_arrayleft":false,"compat_uW_gmonkey":false,"compat_forvarin":false,"noframes":null,"awareOfChrome":false,"run_at":null,"override":{"use_includes":[],"orig_includes":[],"merge_includes":true,"use_matches":[],"orig_matches":["http://youtube.com/*","https://youtube.com/*","http://www.youtube.com/*","https://www.youtube.com/*"],"merge_matches":true,"use_excludes":[],"orig_excludes":[],"merge_excludes":true,"use_connects":[],"merge_connects":true,"use_blockers":[],"orig_run_at":"document-start","orig_noframes":null,"orig_connects":[]}},"settings":{"enabled":true,"position":78},"meta":{"name":"Youtube H.264 (updated 2020)","uuid":"ac9566d2-2120-4551-bc89-562862091646","modified":1607177442643,"file_url":"https://greasyfork.org/scripts/415692-youtube-h-264-updated-2020/code/Youtube%20H264%20(updated%202020).user.js"}}