{"options":{"check_for_updates":true,"comment":null,"compatopts_for_requires":true,"compat_wrappedjsobject":false,"compat_metadata":false,"compat_foreach":false,"compat_arrayleft":false,"compat_uW_gmonkey":false,"compat_forvarin":false,"noframes":null,"awareOfChrome":false,"run_at":null,"override":{"use_includes":[],"orig_includes":[],"merge_includes":true,"use_matches":[],"orig_matches":["*://*.youtube.com/*"],"merge_matches":true,"use_excludes":[],"orig_excludes":[],"merge_excludes":true,"use_connects":[],"merge_connects":true,"use_blockers":[],"orig_run_at":"document-idle","orig_noframes":null,"orig_connects":[]}},"settings":{"enabled":true,"position":67},"meta":{"name":"YouTube Multi Downloader v6.0 - YouTubeConverter.io (MP3, FHD, MP4, HD, SD, M4A, 3GP)","uuid":"0a5536d1-75ec-4a03-9d9a-77075667fa6a","modified":1607169954551,"file_url":"https://greasyfork.org/scripts/34613-youtube-multi-downloader-v6-0-youtubeconverter-io-mp3-fhd-mp4-hd-sd-m4a-3gp/code/YouTube%20Multi%20Downloader%20v60%20-%20YouTubeConverterio%20(MP3,%20FHD,%20MP4,%20HD,%20SD,%20M4A,%203GP).user.js"}}