{"options":{"check_for_updates":true,"comment":null,"compatopts_for_requires":true,"compat_wrappedjsobject":false,"compat_metadata":false,"compat_foreach":false,"compat_arrayleft":false,"compat_uW_gmonkey":false,"compat_forvarin":false,"noframes":null,"awareOfChrome":false,"run_at":null,"override":{"use_includes":[],"orig_includes":[],"merge_includes":true,"use_matches":[],"orig_matches":["https://*.youtube.com/*"],"merge_matches":true,"use_excludes":[],"orig_excludes":[],"merge_excludes":true,"use_connects":[],"merge_connects":true,"use_blockers":[],"orig_run_at":"document-idle","orig_noframes":null,"orig_connects":["googlevideo.com"]}},"settings":{"enabled":false,"position":57},"meta":{"name":"YouTube Downloader, convert video to mp4(1080p/4K), mp3(320kbps)-iTubeGo","uuid":"3b3b7f30-48d5-4e81-9de0-8bb36e6bcf69","modified":1607168868699,"file_url":"https://itubego.com/chrome/itubego.user.js"}}