{"options":{"check_for_updates":true,"comment":null,"compatopts_for_requires":true,"compat_wrappedjsobject":false,"compat_metadata":false,"compat_foreach":false,"compat_arrayleft":false,"compat_uW_gmonkey":false,"compat_forvarin":false,"noframes":null,"awareOfChrome":false,"run_at":null,"override":{"use_includes":[],"orig_includes":[],"merge_includes":true,"use_matches":[],"orig_matches":["*://*/*"],"merge_matches":true,"use_excludes":[],"orig_excludes":["*://mil.ru/*","*wikipedia.org*","*icloud.com*","*hangouts.google.com*","*www.facebook.com/plugins/*","*www.facebook.com/v*/plugins*","*disqus.com/embed/comments*","*vk.com/widget*","*twitter.com/intent/*","*www.youtube.com/embed/*","*player.vimeo.com*","*coub.com/embed*","*staticxx.facebook.com/connect/xd_arbiter/*","*vk.com/q_frame*","*tpc.googlesyndication.com*","*syndication.twitter.com*","*platform.twitter.com*","*tutosdeath.blogspot.com*","*notifications.google.com*","*google.com/recaptcha/*","*bizmania.ru/*"],"merge_excludes":true,"use_connects":[],"merge_connects":true,"use_blockers":[],"orig_run_at":"document-start","orig_noframes":null,"orig_connects":[]}},"settings":{"enabled":false,"position":89},"meta":{"name":"AdGuard Extra","uuid":"da41f802-6d11-4c07-9c15-fe2dd98661b1","modified":1624396521461,"file_url":"https://userscripts.adtidy.org/release/adguard-extra/1.0/adguard-extra.user.js"}}