{"options":{"check_for_updates":true,"comment":null,"compatopts_for_requires":true,"compat_wrappedjsobject":false,"compat_metadata":false,"compat_foreach":false,"compat_arrayleft":false,"compat_uW_gmonkey":false,"compat_forvarin":false,"noframes":null,"awareOfChrome":false,"run_at":null,"override":{"use_includes":[],"orig_includes":["https://www.google.tld/*tbm=isch*","https://www.google.tld/search?tbm=isch*","https://www.google.co.*/*tbm=isch*","https://www.google.co.*/search?tbm=isch*"],"merge_includes":true,"use_matches":[],"orig_matches":[],"merge_matches":true,"use_excludes":[],"orig_excludes":[],"merge_excludes":true,"use_connects":[],"merge_connects":true,"use_blockers":[],"orig_run_at":"document-end","orig_noframes":null,"orig_connects":[]}},"settings":{"enabled":true,"position":87},"meta":{"name":"Google Image Direct View","uuid":"4bc94fca-25a9-4e7c-a99a-d8f8fb1ab484","modified":1618055266240,"file_url":"https://openuserjs.org/install/navchandar/Google_Image_Direct_View.user.js"}}