{"options":{"check_for_updates":true,"comment":null,"compatopts_for_requires":true,"compat_wrappedjsobject":false,"compat_metadata":false,"compat_foreach":false,"compat_arrayleft":false,"compat_uW_gmonkey":false,"compat_forvarin":false,"noframes":null,"awareOfChrome":false,"run_at":null,"override":{"use_includes":[],"orig_includes":["http*://*.youtube.com/*","http*://youtube.com/*","http*://*.youtu.be/*","http*://youtu.be/*"],"merge_includes":true,"use_matches":[],"orig_matches":[],"merge_matches":true,"use_excludes":[],"orig_excludes":[],"merge_excludes":true,"use_connects":[],"merge_connects":true,"use_blockers":[],"orig_run_at":"document-idle","orig_noframes":null,"orig_connects":[]}},"settings":{"enabled":false,"position":70},"meta":{"name":"Resize YT To Window Size","uuid":"719e5236-b672-4d39-9672-8e0e44fe38d8","modified":1607177136227,"file_url":"https://greasyfork.org/scripts/811-resize-yt-to-window-size/code/Resize%20YT%20To%20Window%20Size.user.js"}}