{"options":{"check_for_updates":true,"comment":null,"compatopts_for_requires":true,"compat_wrappedjsobject":false,"compat_metadata":false,"compat_foreach":false,"compat_arrayleft":false,"compat_uW_gmonkey":false,"compat_forvarin":false,"noframes":null,"awareOfChrome":false,"run_at":null,"override":{"use_includes":[],"orig_includes":[],"merge_includes":true,"use_matches":[],"orig_matches":["*://*.youtube.com/*","*://*.youtu.be/*"],"merge_matches":true,"use_excludes":[],"orig_excludes":[],"merge_excludes":true,"use_connects":[],"merge_connects":true,"use_blockers":[],"orig_run_at":"document-idle","orig_noframes":null,"orig_connects":[]}},"settings":{"enabled":false,"position":79},"meta":{"name":"SIMPLE YouTube Downloader (2019)","uuid":"94f8ba49-6c96-4d56-96d2-c2b848f83491","modified":1607177468091,"file_url":"https://greasyfork.org/scripts/393297-simple-youtube-downloader-2019/code/SIMPLE%20YouTube%20Downloader%20(2019).user.js"}}