{"options":{"check_for_updates":true,"comment":null,"compatopts_for_requires":true,"compat_wrappedjsobject":false,"compat_metadata":false,"compat_foreach":false,"compat_arrayleft":false,"compat_uW_gmonkey":false,"compat_forvarin":false,"noframes":null,"awareOfChrome":false,"run_at":null,"override":{"use_includes":[],"orig_includes":["http*://www.xvideos.com/video*"],"merge_includes":true,"use_matches":[],"orig_matches":[],"merge_matches":true,"use_excludes":[],"orig_excludes":[],"merge_excludes":true,"use_connects":[],"merge_connects":true,"use_blockers":[],"orig_run_at":"document-start","orig_noframes":null,"orig_connects":[]}},"settings":{"enabled":false,"position":92},"meta":{"name":"XVideos Download Link Extractor","uuid":"2e512fba-d621-4250-9066-e693d690d49f","modified":1624419946829,"file_url":"https://sleazyfork.org/scripts/373899-xvideos-download-link-extractor/code/XVideos%20Download%20Link%20Extractor.user.js"}}