{"options":{"check_for_updates":true,"comment":null,"compatopts_for_requires":true,"compat_wrappedjsobject":false,"compat_metadata":false,"compat_foreach":false,"compat_arrayleft":false,"compat_uW_gmonkey":false,"compat_forvarin":false,"noframes":null,"awareOfChrome":false,"run_at":null,"override":{"use_includes":[],"orig_includes":[],"merge_includes":true,"use_matches":[],"orig_matches":["*://*.youtube.com/user/*","*://*.youtube.com/channel/*","*://*.youtube.com/c/*"],"merge_matches":true,"use_excludes":[],"orig_excludes":[],"merge_excludes":true,"use_connects":[],"merge_connects":true,"use_blockers":[],"orig_run_at":"document-idle","orig_noframes":null,"orig_connects":[]}},"settings":{"enabled":true,"position":56},"meta":{"name":"YouTube - アイコン画像を保存","uuid":"9a65ca8c-08f8-4c25-bf06-1bd1b2776b30","modified":1621970965984,"file_url":"https://greasyfork.org/scripts/417899-youtube-%E3%82%A2%E3%82%A4%E3%82%B3%E3%83%B3%E7%94%BB%E5%83%8F%E3%82%92%E4%BF%9D%E5%AD%98/code/YouTube%20-%20%E3%82%A2%E3%82%A4%E3%82%B3%E3%83%B3%E7%94%BB%E5%83%8F%E3%82%92%E4%BF%9D%E5%AD%98.user.js"}}