{"options":{"check_for_updates":true,"comment":null,"compatopts_for_requires":true,"compat_wrappedjsobject":false,"compat_metadata":false,"compat_foreach":false,"compat_arrayleft":false,"compat_uW_gmonkey":false,"compat_forvarin":false,"noframes":null,"awareOfChrome":false,"run_at":null,"override":{"use_includes":[],"orig_includes":["https://*youtube.com/*"],"merge_includes":true,"use_matches":[],"orig_matches":[],"merge_matches":true,"use_excludes":[],"orig_excludes":[],"merge_excludes":true,"use_connects":["video.google.com"],"merge_connects":true,"use_blockers":[],"orig_run_at":"document-idle","orig_noframes":null,"orig_connects":[]}},"settings":{"enabled":true,"position":58},"meta":{"name":"Youtube Subtitle Downloader v30","uuid":"d4b71b32-0c33-450c-9a0d-e239a60870f7","modified":1628539101374,"file_url":"https://greasyfork.org/scripts/5368-youtube-subtitle-downloader-v25/code/Youtube%20Subtitle%20Downloader%20v25.user.js"}}